【包邮】百年孤独（50周年纪念版） 加西亚马尔克斯著 另著霍乱时期的爱情,免邮,￥39.60
,,￥
百年孤独 马尔克斯著 人间失格太宰治+月亮与六便士+罗生门+我是猫+瓦尔登湖+了不起的盖茨比+老人与海+边城+湘行散记 文学作品集 文学作品集【全10...,京东物流,￥78.00
【礼品书 包邮】 百年孤独（插图纪念版） 原版复刻・精美装帧・典藏必收,自营,￥115.20
百年孤独 50周年纪念版+霍乱时期的爱情 诺贝尔文学奖得主马尔克斯作品,券800-40,￥89.20
文学大师经典代表作：活着+百年孤独（精装共2册）,自营,￥70.60
现货 马尔克斯：百年孤独(50周年纪念版) 南海出版公司  新华书店正版图书 加西亚・马尔,,￥41.50
【官方正版】全10册 百年孤独 马尔克斯著 人间失格太宰治+月亮与六便士+罗生门+我是猫+瓦尔登湖+了不起的盖茨比+老人与海+边城+湘行散记 文学作品...,京东物流,￥39.60
精装世界名著大全10册 百年孤独+霍乱时期的爱情+月亮与六便士+我是猫+人间失格+局外人罗生门1984,免邮,￥268.00
全6册 百年孤独+月亮与六便士+我是猫+罗生门+了不起的盖茨比马尔克斯外国文学小说世界名著,京东物流,￥58.00
百年孤独 50周年纪念版 加西亚马尔克斯另著霍乱时期的爱情 诺贝尔文学奖得主,免邮,￥39.60
马尔克斯百年孤独50周年纪念版正版10册 人间失格月亮与六便士我是猫罗生门瓦尔登湖边城湘行散记菊与刀,免邮,￥68.80
正版10册 马尔克斯百年孤独50周年纪念版人间失格月亮与六便士我是猫罗生门瓦尔登湖了不起的盖茨比边城,京东物流,￥73.80
百年孤独+人间失格,自营,￥54.40
【正版现货】百年孤独(精) 经典名篇诺贝尔文学奖 世界名著 外国文学畅销书籍解忧杂货店,券800-40,￥32.00
正版 百年孤独 霍乱时期的爱情 马尔克斯作品 诺贝尔文学奖得主 全4册百年孤独套装,免邮,￥88.80
【正版出售】百年孤独 50周年纪念版 诺贝尔文学奖得主加西亚马尔克斯 另著霍乱时期的爱情经典外国小说 百年孤独(50周年纪念版),券800-40,￥29.90
百年孤独 马尔克斯+了不起的盖茨比+罗生门+人间失格+瓦尔登湖+月亮和六便士+我是猫（共7册）,自营,￥191.00
【正版包邮】现货马尔克斯：百年孤独（50周年纪念版精装）诺贝尔文学奖加西亚・马尔克斯代表作 世界名著,,￥34.50
【正版包邮】百年孤独 50周年纪念版 诺贝尔文学奖得主加西亚马尔克斯 另著霍乱时期的爱情,免邮,￥35.00
百年孤独 50周年纪念版+人间失格 全二册,券800-40,￥39.60
百年孤独 人间失格 月亮和六便士 人类群星闪耀时  正版 全4册 外国小说书籍,免邮,￥114.60
百年孤独 50周年纪念版 加西亚马尔克斯另著霍乱时期的爱情 诺贝尔文学奖得主,免邮,￥39.60
"拍拍	
【二手8成新】百年孤独 (哥伦)加西亚・马尔克斯 南海出版公司 9787544253994",,￥15.80
百年孤独 50周年插图纪念版中文版诺贝尔文学奖得主加西亚马尔克斯著 外国文学世界名著爱情小说畅销书籍 百年孤独(50周年纪念版),京东物流,￥39.60
霍乱时期的爱情 300万册纪念版 百年孤独作者马尔克斯作品 诺贝尔文学奖得主,免邮,￥49.60
马尔克斯百年孤独50周年纪念版了不起的盖茨比人间失格月亮与六便士我是猫罗生门边城 正版马尔克斯百年孤独50周年纪念版 百年孤独10册,免邮,￥75.00
马尔克斯经典作品套装2册 百年孤独 50周年纪念版+霍乱时期的爱情 诺贝尔文学奖得主作品 马尔克斯：百年孤独（50周年纪念版）,京东物流,￥39.00
【正版现货】百年孤独精装 诺贝尔文学奖获得者加西亚马尔克斯代表作 世界名著文学图书籍外国文学文艺,放心购,￥39.60
百年孤独 精装中文版加西亚马尔克斯代表作 缔造文坛传奇奇迹经典名篇诺贝尔文学奖 世界名著售后,京东物流,￥39.60
全6册 百年孤独+月亮与六便士+我是猫+罗生门+了不起的盖茨比马尔克斯外国文学小说世界名著,,￥58.00
【现货包邮】百年孤独 诺贝尔文学奖加西亚・马尔克斯代表作 世界名著外国小说百年孤独原版 精装百年孤独,免邮,￥34.50
包邮】百年孤独+人间失格+月亮与六便士+罗生门+我是猫 套装共5册外国文学小说世界名著霍乱时期的爱情,免邮,￥63.00
《百年孤独》一千万册纪念套装（赠三款珍藏版金句胶带),自营,￥154.70
全套5册复活+百年孤独+老人与海+大卫科波菲尔正版完整版无删减列夫托尔斯泰 高中生必读课外书阅读书籍,免邮,￥74.80
【新版】霍乱时期的爱情 百年孤独作者加西亚马尔克斯作品 诺贝尔文学奖得主世界名著小说春风十里不你,券800-40,￥49.60
百年孤独 50周年插图纪念版中文版诺贝尔文学奖得主加西亚马尔克斯著 外国文学世界名著爱情小说畅销书籍 百年孤独(50周年纪念版),,￥39.60
"拍拍	
二手9成新 百年孤独",,￥15.90
马尔克斯经典作品套装2册（霍乱时期的爱情+百年孤独）,自营,￥89.20
"拍拍	
【二手8成新】百年孤独(加西亚马尔克斯代表作) (哥伦)加西亚・马尔克斯9787544253994",,￥27.80
世界名著学习馆・哈佛双语导读本：百年孤独（英汉对照）,自营,￥18.00
买1赠5】完整无删减版 百年孤独50周年纪念版精装中文版 加西亚马尔克斯,免邮,￥39.60
【包邮】百年孤独（50周年纪念版） 加西亚马尔克斯著 另著霍乱时期的爱情,,￥39.60
百年孤独 中文正版书 无删减精装珍藏版 马尔克斯世界名著文学外国小说 珍藏版,免邮,￥39.60
正版百年孤独（50周年纪念版 诺贝尔文学奖获得者加西亚马尔克斯代表作,券800-40,￥33.90
包邮】全3册 百年孤独正版中文版珍藏版书精装版我是猫 夏目漱石正版书人间失格太宰治 原版无删减,免邮,￥49.80
坠物之声（比《百年孤独》更现实，比《毒枭》更真实）,自营,￥59.00
霍乱时期的爱情+百年孤独马尔克斯的书+人间失格月亮与六便士罗生门我是猫浮生六记边城湘行散记等文学小说 霍乱时期的爱情+百年孤独10册,闪购,￥103.00
精装全套4册 百年孤独+大卫科波菲尔+复活+老人与海 高中课外书高一阅读书籍书目名著正版语文高中生,,￥98.00
正版 百年孤独+霍乱时期的爱情 共2册马尔克斯 诺贝尔文学奖得主 外国文学小说,免邮,￥89.20
12册 百年孤独+人间失格+罗生门+人类群星闪耀时+月亮与六便士+1984+菊与刀+瓦尔登湖外国小说,免邮,￥88.00
正版百年孤独+复活+大卫科波菲尔老人与海书+人间失格+刀锋成人高中生必读书籍全套4册正版另著霍乱时期的爱情 诺贝尔文学奖得主 百年孤独+大卫+...,京东物流,￥68.00
【正版】百年孤独 马尔克斯 50周年纪念版,京东物流,￥41.00
百年孤独 精装正版文学社科书诺贝尔文学奖获得者马尔克斯外国经典文艺小说中文原版书籍50周年纪念版 官方正版 百年孤独,京东物流,￥42.00
霍乱时期的爱情+百年孤独马尔克斯的书+人间失格月亮与六便士罗生门我是猫浮生六记边城湘行散记等文学小说 霍乱时期的爱情10册,闪购,￥76.80
活着+百年孤独 2册套装 余华加西亚马尔克斯 文学散文随笔作品集小说书籍 新华书店正版书籍,券800-40,￥62.10
【现货】百年孤独 50周年纪念版 加西亚马尔克斯另著霍乱时期的爱情 诺贝尔文学奖得主 百年孤独,京东物流,￥39.60
【送透明书签X4】百年孤独 插图纪念版 马尔克斯原版复刻收藏版 霍乱时期的爱情作者 中信书店,券800-40,￥102.40
文学外国小说8册正版百年孤独 霍乱时期的爱情鼠疫局外人百万英镑名人传钢铁是雾都孤诺贝尔文学奖作品书籍,券800-40,￥138.00
正版包邮 百年孤独（赠鼠标垫+书签） 诺贝尔文学奖获得者马尔克斯代表作 世界名著读物 范晔翻译中文版 文学小说畅销书文学书籍,放心购,￥39.60
【包邮】百年孤独（50周年纪念版） 加西亚马尔克斯著 另著霍乱时期的爱情,,￥39.60
城市与狗（诺贝尔文学奖得主略萨成名作，与《百年孤独》《跳房子》齐名的拉美文学爆炸运动里程碑式小说）,自营,￥98.00
百年孤独 50周年纪念版 马尔克斯 诺贝尔奖获得者 外国文学长篇小说,放心购,￥46.63
现货【正版经典3本】人间失格+百年孤独+活着全3册太宰治马尔克斯余华著文学经典小说图书籍畅销书排行榜,放心购,￥76.20
"拍拍	
【二手8成新】百年孤独 哥伦加西亚马尔克斯 南海出版公司 9787544253994",,￥20.00
马尔克斯 百年孤独+瓦尔登湖（50周年纪念版）诺贝尔文学奖获得者 世界名著外国小说,免邮,￥39.60
正版马尔克斯百年孤独50周年纪念版+霍乱时期的爱情+人间失格月亮与六便士我是猫罗生门瓦尔登湖 马尔克斯百年孤独+霍乱时期的爱情经典11本套,,￥108.00
文学大师经典代表作：活着+百年孤独（精装共2册）余华加西亚马尔克斯 文学散文随笔作品集小说书籍,京东物流,￥75.00
傲慢与偏见 精装版（买中文版送英文版）比肩魔幻现实主义百年孤独的世界经典小说。,自营,￥47.20
老人与海+大卫・科波菲尔(上下)+复活+百年孤独(精)（共5册） (哥伦比亚)加西亚・马尔克斯,券800-40,￥88.84
现货 全8册百年孤独+月亮与六便士+瓦尔登湖+人间失格+罗生门+1984+菊与刀 外国小说 世界名著,免邮,￥69.80
50周年纪念版 百年孤独  马尔克斯经典名篇诺贝尔文 唯有孤独永恒 中信书店,券800-40,￥41.68
全6册 百年孤独+月亮与六便士+我是猫+罗生门+了不起的盖茨比马尔克斯外国文学小说世界名著,,￥58.00
百年孤独中文版 正版马尔克斯代表作诺贝尔文学奖世界名著读物霍乱时期的爱情范晔翻译人生必读书中文精装版,京东物流,￥45.00
正版11册 马尔克斯百年孤独50周年纪念版瓦尔登湖人间失格罗生门我是猫复活老人与海大卫科波菲尔等 了不起的盖茨比,免邮,￥89.00
百年孤独(50周年纪念版)+霍乱时期的爱情+大卫科波菲尔  加西亚马尔克斯 诺贝尔文学奖得主,免邮,￥118.78
精装硬壳百年孤独 霍乱时期的爱情珍藏版诺贝尔文学奖马尔克斯 百年孤独,券800-40,￥23.00
全2册 人间失格+百年孤独 太宰治 马尔克斯经典作品 诺奖诺贝尔文学奖作品 外国文学小说书籍,放心购,￥43.00
百年孤独(50周年纪念版),,￥40.15
百年孤独精装 诺贝尔文学奖获得者加西亚马尔克斯代表作 世界名著文学图书籍外国文学文艺正版书籍现货速发,免邮,￥33.68
【现货速发】百年孤独正版马尔克斯 精装 中文版无删减 珍藏版全译本 初中高中生阅读书籍 外国文学小说 百年孤独（50周年纪念版）,免邮,￥35.00
月亮与六便士&人间失格&罗生门&人类群星闪耀时&百年孤独 太宰治毛姆芥川龙之介作品书 2.人类群星闪耀时,免邮,￥8.50
【现货包邮】马尔克斯：百年孤独（50周年纪念版）中文原版翻译无删减加西亚马尔克斯代表作书籍 复活,免邮,￥12.50
【正版包邮】现货马尔克斯：百年孤独（50周年纪念版精装）诺贝尔文学奖加西亚・马尔克斯代表作 世界名著,免邮,￥34.50
百年孤独正版书马尔克斯原版范晔高中版文学50周年精装黄锦炎人民南海出版社旗舰店同款非插图非英语版,,￥66.00
【赠透明书签】百年孤独 插图纪念版 加西亚马尔克斯原版复刻收藏版 霍乱时期的爱情 湖北新华书店 正版,京东物流,￥110.00
马尔克斯：百年孤独（50周年纪念版）+人间失格+不能承受的生命之轻,自营,￥89.80
正版马尔克斯百年孤独50周年纪念版+霍乱时期的爱情+人间失格月亮与六便士我是猫罗生门瓦尔登湖 霍乱时期的爱情经典10本套,免邮,￥78.80
"拍拍	
[正版8成新] 百年孤独加 亚马尔克斯代表作  伦加 亚马尔克斯 南海出 (精装)",,￥25.80
加西亚马尔克斯 百年孤独（插图纪念版）,免邮,￥115.20
精装全套4册 百年孤独+大卫科波菲尔+复活+老人与海 高中课外书高一阅读书籍书目名著正版语文高中生,,￥98.00
外国小说 马尔克斯：百年孤独（50周年纪念版）,京东物流,￥38.00
【正版现货】百年孤独 原著原版无删减中文译本太宰治马尔克斯外国经典文学世界名著小说畅销书籍 诺贝尔,放心购,￥46.80
百年孤独(精),免邮,￥39.60
包邮】中学生高中生必读书籍课外书世界文学经典名著正版大卫科波菲尔 巴黎圣母院飘童年安娜卡列尼娜红与黑 百年孤独 中文版(赠定制笔记本),免邮,￥39.60
【买1赠3】加西亚・马尔克斯作品集 全套 可选 百年孤独插图纪念版 2020年新版 新书,免邮,￥115.20
包邮正版百年孤独【赠人间失格正版】诺贝尔文学奖加西亚・马尔克斯代表作 世界名著外国小说百年孤独原版,,￥47.50
【正版】百年孤独 马尔克斯 50周年纪念版,京东物流,￥39.60
【正版现货】百年孤独精装 诺贝尔文学奖获得者加西亚马尔克斯代表作 世界名著文学图书籍外国文学文艺,京东物流,￥59.00
霍乱时期的爱情+百年孤独马尔克斯的书+人间失格月亮与六便士罗生门我是猫浮生六记边城湘行散记等文学小说 百年孤独【单本】,秒杀,￥52.50
【正版现货】百年孤独 50周年纪念版 诺贝尔文学奖得主加西亚马尔克斯 精装,免邮,￥39.60
百年孤独+人间失格+月亮与六便士+我是猫,免邮,￥109.90
正版 百年孤独+霍乱时期的爱情 共2册马尔克斯 诺贝尔文学奖得主 外国文学小说,,￥89.20
【现货京送】百年孤独 马尔克斯 50周年纪念版 诺贝尔文学奖获得者代表作 世界名著文学图书籍外国文学,京东物流,￥44.00
买1赠3】 百年孤独中文版完整无删减版 +霍乱时期的爱情共2册马尔克斯 诺贝尔文学奖外国经典文学小说,券800-40,￥89.20
百年孤独&人间失格 共2册,券800-40,￥40.50
百年孤独+人间失格+月亮与六便士+我是猫+罗生门,免邮,￥125.00
光明世纪（马尔克斯读完此书，重写《百年孤独》。拉丁美洲文学巨擘卡彭铁尔，气势恢宏的新巴洛克巨制。）,自营,￥89.40
【新版】霍乱时期的爱情 百年孤独作者加西亚马尔克斯作品 诺贝尔文学奖得主世界名著小说春风十里不你,,￥49.60
正版马尔克斯百年孤独50周年纪念版+霍乱时期的爱情+人间失格月亮与六便士我是猫罗生门瓦尔登湖 马尔克斯百年孤独+霍乱时期的爱情经典11本套,闪购,￥108.00
百年孤独 精装正版诺贝尔文学奖 霍乱时期的爱情同类 黄锦炎文学世界名著图书籍成年人文学书排行榜,免邮,￥39.80
百年孤独 50周年纪念版精装正版诺贝尔文学奖获得者马尔克斯外国经典文艺小说中文版书籍 霍乱时期的爱情 百年孤独（定价55）,京东物流,￥42.70
城市与狗 精装珍藏版 诺贝尔文学奖得主 巴尔加斯略萨的成名作与百年孤独跳房子齐名的外国文学小说,免邮,￥41.80
【全译本无删减包邮】复活书正版原著 列夫托尔斯泰经典世界名著外国文学长篇小说初中高中生课外书wp 百年孤独,免邮,￥39.60
卡彭铁尔作品集精装3册（时间之战+人间王国+光明世纪）魔幻现实主义小说百年孤独酒吧长谈同类外国拉美文,,￥117.50
百年孤独【正版图书，放心选购】,放心购,￥30.38
百年孤独 英文原版 One Hundred Years Of Solitude 弘书阁进口原版,券399-20,￥38.00
包邮 百年孤独【赠人间失格正版】 诺贝尔文学奖 加西亚・马尔克斯代表作  初中高中生阅读,免邮,￥39.60
百年孤独(精) 赠笔记本(共2册) 时光静好,券340-30,￥35.50
正版全5册 百年孤独+月亮与六便士+我是猫+人间失格+罗生门 外国文学小说世界名著书籍书排行榜,免邮,￥49.80
百年孤独+霍乱时期的爱情(精)全套共2册马尔克斯 诺贝尔文学奖 外国经典文学小说中文版授权无删节,,￥78.80
正版全新 马尔克斯：没有人给他写信的上校（2018典藏版） 百年孤独（插图纪念版）,券800-40,￥109.90
百年孤独 诺贝尔文学奖马尔库斯代表作 百年孤独,放心购,￥39.60
礼拜二午睡时刻 马尔克斯百年孤独作者 第三部正式出版的作品,券800-40,￥20.50
霍乱时期的爱情+百年孤独马尔克斯的书+人间失格月亮与六便士罗生门我是猫浮生六记边城湘行散记等文学小说 百年孤独+大卫科波菲尔+复活+老人与...,秒杀,￥72.30
【现货包邮】马尔克斯：百年孤独（50周年纪念版）中文原版翻译无删减加西亚马尔克斯代表作书籍 复活+百年孤独,免邮,￥43.80
霍乱时期的爱情+百年孤独 全套2册 精装正版现货 加西亚马尔克斯诺贝尔文学奖得主 新华书店书籍,,￥89.20
百年孤独,券40-3,￥43.60
霍乱时期的爱情+百年孤独马尔克斯的书+人间失格月亮与六便士罗生门我是猫浮生六记边城湘行散记等文学小说 霍乱时期的爱情+百年孤独2册,秒杀,￥86.70
"百年孤独 [哥伦比亚]加西亚・马尔克斯,黄锦炎,沈国正 上海译文出版社 9787532706907",券800-40,￥169.00
全8册 百年孤独瓦尔登湖罗生门局外人我是猫 人间失格 月亮与六便士 了不起的盖茨比 经典文学小说名著 全8册,放心购,￥65.80
全套7册百年孤独 中文版+人间失格月亮与六便士罗生门我是猫瓦尔登湖了不起的盖茨比外国文学小说名著书籍,免邮,￥59.80
《百年孤独》一千万册纪念套装（赠三款珍藏版金句胶带),,￥154.70
百年孤独50周年纪念版大卫科波菲尔上下人间失格局外人我是猫猎人笔记罗生门红与黑世界名著外国小说 世界名著10册,放心购,￥108.00
4册百年孤独+活着+追风筝的人+霍乱时期的爱情 胡塞尼 马尔克斯 情感读物 外国小说世界名著文学小说,免邮,￥145.00
加西亚马尔克斯 百年孤独（纪念版）,免邮,￥39.60
枯枝败叶 马尔克斯百年孤独续篇,券800-40,￥21.94
正版百年孤独+复活+大卫科波菲尔老人与海书+人间失格+刀锋成人高中生必读书籍全套4册正版另著霍乱时期的爱情 诺贝尔文学奖得主 百年孤独+大卫+...,京东物流,￥58.00
文学大师经典代表作：活着+百年孤独（精装共2册）,,￥70.60
百年孤独50周年纪念版 加西亚・马尔克斯 加西亚马尔克斯经典名篇诺贝尔文学奖 外国经典文学名著,免邮,￥36.80
百年孤独50周年纪念版大卫科波菲尔上下人间失格局外人我是猫猎人笔记罗生门红与黑世界名著外国小说 大卫科波菲尔3册,放心购,￥69.00
百年孤独(精)诺贝尔文学奖得主作者加西亚马尔克斯著 南海出版新经典9787544291170外版,券800-40,￥39.90
【正版出售】百年孤独 50周年纪念版 诺贝尔文学奖得主加西亚马尔克斯 另著霍乱时期的爱情经典外国小说 百年孤独(50周年纪念版),券99-5,￥39.60
百年孤独 精装中文版正版加西亚马尔克斯代表作 缔造文坛传奇经典名篇诺贝尔文学奖 世界名著 云仓,京东物流,￥39.60
精装世界名著大全10册 百年孤独+霍乱时期的爱情+月亮与六便士+我是猫+人间失格+局外人罗生门1984,,￥268.00
"拍拍	
【二手9成新】霍乱时期的爱情+百年孤独 马尔克斯诺贝尔文学奖获奖作品多规格【可开发票】 霍乱时期的爱情【精装】",,￥18.00
百年孤独50周年纪念版大卫科波菲尔上下人间失格局外人我是猫猎人笔记罗生门红与黑世界名著外国小说 世界名著12册装,放心购,￥86.00
"京东国际	
现货 英文原版One Hundred Years of Solitude 马尔克斯百年孤独",券199-10,￥38.00
百年孤独+霍乱时期的爱情(精)全套共2册马尔克斯诺贝尔文学奖外国经典文学小说中文版授权无删减,免邮,￥89.20
【现货】马尔克斯：百年孤独（50周年纪念版）中文原版翻译无删减加西亚马尔克斯代表作书籍 复活,免邮,￥12.50
【赠海报+明信片】鲁尔福三部曲 燃烧的原野+佩德罗 巴拉莫+金鸡 魔幻现实主义小说流派 百年孤独马尔克斯开篇雏形灵感来源书籍,,￥88.00
"京东国际	
百年孤独 加西亚 马尔克斯 One Hundred Years Solitude",券800-40,￥55.00
百年孤独中文版+我们三杨绛著(全2册),京东物流,￥61.00
百年孤独(精),券800-40,￥39.60
正版 百年孤独精装 诺贝尔文学奖获得者加西亚马尔克斯代表作 世界名著文学图书籍外国文学文艺小说魔,,￥39.60
百年孤独+大卫・科波菲尔+复活+老人与海 全4册 精装版 外国经典文学小说名著 高中生课外书,放心购,￥66.80
现货 马尔克斯：百年孤独(50周年纪念版) 南海出版公司  新华书店正版图书 加西亚・马尔,,￥41.50
百年孤独中文版正版+月亮与六便士+我是猫+人间失格+局外人+罗生门 外国小说 世界名著6册,免邮,￥68.00
魔幻大师的百年孤独：马尔克斯传（英汉对照）,自营,￥78.90
追风筝的人+百年孤独中文版 2册套装,京东物流,￥55.00
百年孤独 精装 珍藏版纪念版中文版原版 加西亚马尔克斯 外国经典文学小说畅销书 初中高中生阅读阅读书,券800-40,￥32.00
百年孤独,放心购,￥40.15
百年孤独 中文版精装珍藏版诺贝尔文学奖获得者加西亚马尔克斯代表作 外国小说世界名著读物文学小说,,￥39.60
文学大师经典代表作:活着+百年孤独(全2册),券800-40,￥68.89
精装版人间失格日本太宰治著正版全集日文原版无删减珍藏含斜阳维荣之妻文学当代经典小说排行榜百年孤独书籍,放心购,￥15.00
百年孤独 英文原版 马尔克斯 One Hundred Years of Solitude 诺贝尔文学奖 文学小说,券800-40,￥55.00
【50周年纪念版】百年孤独 诺贝尔文学奖获得者 加西亚马尔克斯 世界名著文学外国文学小说书籍,京东物流,￥44.00
苦妓回忆录 2018典藏版 加西亚马尔克斯另著百年孤独 诺贝尔文学奖得主,券400-40,￥24.10
百年孤独正版书马尔克斯原版范晔高中版文学50周年精装黄锦炎人民南海出版社旗舰店同款非插图非英语版,,￥66.00
正版全18册 百年孤独+霍乱时期的爱情+人间失格+罗生门+月亮与六便士+瓦尔登湖 外国小说,免邮,￥168.00
全套5册大卫科波菲尔+复活书列夫托尔斯泰+老人与海+百年孤独全集完整版 高中课外阅读书籍名著,免邮,￥79.80
马尔克斯经典作品套装2册 百年孤独 50周年纪念版+霍乱时期的爱情 诺贝尔文学奖得主作品 霍乱时期的爱情（300万册纪念版）,京东物流,￥69.00
【可选】百年孤独+复活+大卫科波菲尔+老人与海 高中生课外阅读书籍 全译文无删减版 复活（全译文无删减）,放心购,￥12.80
百年孤独+你当像鸟飞往你的山  套装  新华书店正版图书,放心购,￥69.50
【礼品书 包邮】 百年孤独（插图纪念版） 原版复刻・精美装帧・典藏必收,,￥115.20
【系列自选】外国文学读物 百年孤独(50周年纪念版)加西亚・马尔克斯 著,京东物流,￥44.00
百年孤独 英文原版 马尔克斯 One Hundred Years of Solitude 诺贝尔文学奖 文学小说 Penguin Modern Classics 企鹅经典名著,免邮,￥55.00
正版 百年孤独 霍乱时期的爱情 马尔克斯作品 诺贝尔文学奖得主 全4册百年孤独套装,京东物流,￥68.00
百年孤独 50周年纪念版精装正版诺贝尔文学奖获得者马尔克斯外国经典文艺小说中文版书籍 霍乱时期的爱情 霍乱时期的爱情（定价69）,京东物流,￥53.40
追风筝的人+马尔克斯：百年孤独   套装   新华书店正版图书,放心购,￥55.50
马尔克斯：百年孤独（50周年纪念版）全新典藏内封；赠50周年精美魔幻明信片1套,,￥41.30
"京东国际	
百年孤独 英文原版 One Hundred Years of Solitude",免邮,￥45.00
正版马尔克斯百年孤独50周年纪念版+霍乱时期的爱情+人间失格月亮与六便士我是猫罗生门瓦尔登湖 霍乱时期的爱情（300万册纪念版,免邮,￥49.60
枯枝败叶 精装典藏版 百年孤独序篇,券800-40,￥22.00
你当像鸟一样飞往你的山+百年孤独(精) 共2册 中文原版无删减 加西亚马尔克斯代表作,券800-40,￥79.50
"京东国际	
英文原版 百年孤独 One Hundred Years of Solitude",放心购,￥45.00
【正版包邮】百年孤独 50周年纪念版 诺贝尔文学奖得主加西亚马尔克斯 另著霍乱时期的爱情,,￥35.00
【现货包邮】马尔克斯：百年孤独（50周年纪念版）中文原版翻译无删减加西亚马尔克斯代表作书籍,免邮,￥39.60
【礼品书 包邮】 百年孤独（插图纪念版） 原版复刻・精美装帧・典藏必收,京东物流,￥108.00
正版 百年孤独 霍乱时期的爱情 马尔克斯作品 诺贝尔文学奖得主 全4册霍乱时期的爱情套装,京东物流,￥68.00
正版百年孤独+复活+大卫科波菲尔老人与海书+人间失格+刀锋成人高中生必读书籍全套4册正版另著霍乱时期的爱情 诺贝尔文学奖得主 百年孤独+复活【...,京东物流,￥48.00
百年孤独,券400-40,￥11.40
精装世界名著大全10册 百年孤独+霍乱时期的爱情+月亮与六便士+我是猫+人间失格+局外人罗生门1984,,￥268.00
百年孤独 马尔克斯+了不起的盖茨比+罗生门+人间失格+瓦尔登湖+月亮和六便士+我是猫（共7册） 套装,京东物流,￥85.00
包邮正版百年孤独【赠人间失格正版】诺贝尔文学奖加西亚・马尔克斯代表作 世界名著外国小说百年孤独原版,免邮,￥47.50
【全套7册】百年孤独+了不起的盖茨比+罗生门+人间失格+瓦尔登湖+月亮和六便士+我是猫,京东物流,￥81.20
"京东国际	
英文原版 百年孤独 One Hundred Years of Solitude",免邮,￥54.50
【赠书签+明信片】你当像鸟飞往你的山+百年孤独 诺贝尔文学奖加西亚马尔克斯代表作,免邮,￥71.00
正版书籍 百年孤独 诺贝尔文学奖获得者马尔克斯代表作 世界名著读物 范晔翻译中文版 文学小说书精,,￥73.00
"文学大师经典代表作:活着+百年孤独(全2册) 余华,(哥伦)加西亚・马尔克斯著 范晔 译 中国近代",京东物流,￥67.90
百年孤独+人间失格(50周年纪念版) 书籍,券800-40,￥42.80
马尔克斯：霍乱时期的爱情+百年孤独（插画版） 马尔克斯 新华书店正版图书,放心购,￥120.20
【正版】百年孤独 马尔克斯 50周年纪念版,京东物流,￥40.00
【全套7册】百年孤独+了不起的盖茨比+罗生门+人间失格+瓦尔登湖+月亮和六便士+我是猫,京东物流,￥81.00
百年孤独 人间失格 月亮和六便士 人类群星闪耀时  正版 全4册 外国小说书籍,,￥114.60
【全套7册】百年孤独+了不起的盖茨比+罗生门+人间失格+瓦尔登湖+月亮和六便士+我是猫,京东物流,￥81.00
正版百年孤独+复活+大卫科波菲尔老人与海书+人间失格+刀锋成人高中生必读书籍全套4册正版另著霍乱时期的爱情 诺贝尔文学奖得主 精装全3册【店长...,京东物流,￥88.00
百年孤独 马尔克斯（50周年纪念版）中文无删减 +罗生门 全2册 世界经典文学名著小说 全2册,放心购,￥39.60
正版 百年孤独+霍乱时期的爱情 共2册马尔克斯 诺贝尔文学奖得主 外国经典文学小说书排行榜,京东物流,￥86.80
卡夫卡小说精选（套装共2册）：马尔克斯受其影响，撰写出文学巨著《百年孤独》！,自营,￥58.50
百年孤独 霍乱时期的爱情 浮生六记 人间失格 50周年纪念版世界文坛巨匠作品精选（精装珍藏版全4册）,,￥146.00
[现货包邮】全套5册复活+百年孤独+老人与海+大卫科波菲尔正版完整版无删减 高中生课外书阅读书籍 百年孤独,免邮,￥34.60
正版 马尔克斯：一桩事先张扬的凶杀案（2018典藏版） 百年孤独(50周年纪念版),券800-40,￥42.00
正版 全套4册 百年孤独+人间失格+罗生门+月亮与六便士 太宰治 马尔克斯原著原版中文版无删减 外国,放心购,￥75.80
百年孤独+菊与刀+一九八四+月亮与六便士+人间失格+罗生门 世界文学名著外国小说合集共6册,京东物流,￥98.00
百年孤独 50周年纪念版精装正版诺贝尔文学奖获得者马尔克斯外国经典文艺小说中文版书籍 霍乱时期的爱情 百年孤独(定价55),京东物流,￥39.20
百年孤独 50周年纪念版 正版诺贝尔文学奖获得者马尔克斯代表作 世界名著 外国小说,,￥44.00
加西亚马尔克斯长篇小说6册 百年孤独霍乱时期的爱情和其他魔鬼迷宫中的将军族长的秋天恶时辰,券800-40,￥170.84
百年孤独+大卫科波菲尔复活老人与海书高中生必读书籍全套5册正版 5本套装 完整经典(高端/),京东物流,￥98.00
正版全新 马尔克斯：没有人给他写信的上校（2018典藏版） 百年孤独（50周年纪念版）,券800-40,￥32.20
包邮】百年孤独 50周年纪念版 中文原版翻译无删节 诺贝尔文学奖,免邮,￥39.80
【官网】正版 百年孤独 插图插画纪念版 加西亚马尔克斯原版复刻收藏马孔多霍乱时期的爱情,免邮,￥203.00
马尔克斯：百年孤独（50周年纪念版）全新典藏内封；赠50周年精美魔幻明信片1套,,￥41.30
"京东国际	
马尔克斯：百年孤独 英文原版 Marquez One Hundred Years",券800-40,￥77.00
爱情和其他魔鬼 同《百年孤独》《霍乱时期的爱情》合称诺贝尔文学奖得主马尔克  南海出版公司,券800-40,￥28.00
【正版图书】光明世纪(马尔克斯读完此书，重写《百年孤独 [古]阿莱霍・卡彭铁尔（AlejoCarpentier）,京东物流,￥50.09
新华书店官方正版  光明世纪（马尔克斯读完此书，重写《百年孤独》。拉丁美洲文学巨擘卡彭铁尔，气势恢宏的新巴洛克巨制。）,京东物流,￥51.30
正版百年孤独+复活+大卫科波菲尔老人与海书高中生必读书籍全套4册正版 百年孤独+大卫+复活(全3册),京东物流,￥58.00
百年孤独 50周年纪念版 加西亚马尔克斯另著霍乱时期的爱情 诺贝尔文学奖得主,,￥39.60
百年孤独 中文版正版 加西亚・马尔克斯著 范晔译 诺贝尔文学奖获得者作品 50周年插图纪念版,券800-40,￥39.60
全6册 百年孤独+人间失格+月亮与六便士+罗生门+我是猫+浮生六记,自营,￥184.10
【共2册】 你当像鸟飞往你的山+百年孤独正版精装中文原版无删减比尔盖茨年度图书加西亚马尔克斯代表作诺,放心购,￥90.10
百年孤独+霍乱时期的爱情（共两册）马尔克斯 诺贝尔文学奖 世界名著书籍,放心购,￥89.20
正版 《百年孤独》一千万册纪念套装 小说 外国小说 文学读物 散文随笔书信 新经典文化,免邮,￥147.00
百年孤独(50周年纪念版),,￥40.15
百年孤独+霍乱时期的爱情 套装2册诺贝尔文学奖得主加西亚马尔克斯作品世界名著外国经典文学小说书籍爱情,放心购,￥79.80
百年孤独马尔克斯外国文学小说7册人间失格月亮和六便士罗生门瓦尔登湖我是猫了不起的盖茨比青少年世界名著,京东物流,￥185.00
百年孤独 50周年纪念版+人间失格 全二册,券800-40,￥43.80
现货 百年孤寂授权繁体中文版！出版50周年纪念全新译本平装典藏版 马尔克斯 百年孤独 繁体中文版 港,秒杀,￥115.43
百年孤独+人间失格+月亮与六便士+我是猫 共4册 马尔克斯太宰治毛姆夏目漱石畅销外国文学经典小说,放心购,￥69.23
霍乱时期的爱情 300万册纪念版 百年孤独作者马尔克斯作品 诺贝尔文学奖得主,,￥49.60
"京东国际	
英文原版 加西亚马尔克斯小说集 Collected Novellas 百年孤独作者",放心购,￥45.00
精装霍乱时期的爱情 爱情 死亡 回忆 不可避免的衰老 百年孤独 百年孤独,券800-40,￥31.60
【正版速发】B枯枝败叶 加西亚马尔克斯 精装版 百年孤独序篇 莫言偶像 现当代文学,券800-40,￥13.75
【】百年孤独+活着+人间失格 共3册 加西亚马尔克斯余华太宰治著完整版诺贝尔文学奖外国当代文学长篇小,券20-2,￥120.54
正版现货 百年孤独 中英文版 世界文学名著双语经典 汉英互译 全新中英文对照世界名著 外国小说英文版,券800-40,￥19.90
百年孤独 50周年纪念版+霍乱时期的爱情 诺贝尔文学奖得主马尔克斯作品,,￥89.20
霍乱时期的爱情+百年孤独中文版+追风筝的人+月亮与和六便士 4本经典外国小说书籍,京东物流,￥141.00
【现货速发】正版 马尔克斯：百年孤独（50周年纪念版） 霍乱时期的爱情(2015版) 百年孤独(50周年纪念版),京东物流,￥52.80
马尔克斯：百年孤独（50周年纪念版）+三只忧伤的老虎  套装两册,自营,￥111.40
百年孤独 霍乱时期的爱情(精) 共2册马尔克斯 诺贝尔文学奖 外国经典文学小说书籍排行榜正版,免邮,￥181.00
4册百年孤独+活着+追风筝的人+霍乱时期的爱情 胡塞尼 马尔克斯 情感读物 外国小说世界名著文学小说,券800-40,￥145.00
高中课外书【自选书籍】平凡的世界共三部路遥 世说新语 聊斋志异 三国演义红楼梦 鲁迅小说集家百年孤独边城活着文学小说书籍 边城,,￥25.80
【网 插图纪念版 附赠透明书签4张】百年孤独 诺贝尔文学奖获得者马尔克斯代表作世界名著读物 范晔翻译,免邮,￥186.00
加西亚・马尔克斯传上 他创造了《百年孤独》,自营,￥27.40
"正版图书 百年孤独：插图纪念版  (哥伦比亚)加西亚・马尔克斯著,新经典出品 南海出版公司 9787",放心购,￥211.00
R 枯枝败叶 加西亚马尔克斯 精装版 百年孤独序篇 莫言偶像 现当代文学 正版图书,券800-40,￥17.00
百年孤独 马尔克斯+了不起的盖茨比+罗生门+人间失格+瓦尔登湖+月亮和六便士+我是猫（共7册）,京东物流,￥308.00
百年孤独 中文版精装珍藏版诺贝尔文学奖获得者加西亚马尔克斯代表作 外国小说世界名著读物文学小说,,￥39.60
加西亚・马尔克斯全集22册 百年孤独/霍乱时期的爱情/蓝狗的眼睛/活着为了讲述/恶时辰/族长的秋天,免邮,￥728.00
【现货书籍】百年孤独 诺贝尔文学奖获得者马尔克斯代表作 百年孤独,券800-40,￥31.00
马尔克斯经典作品 套装 百年孤独 霍乱时期的爱情 诺贝尔文学奖获得者 文学名著 学生课外读物 外国经,券800-40,￥99.20
【系列自选】外国文学读物 百年孤独(50周年纪念版)加西亚・马尔克斯 著,京东物流,￥41.00
精装硬壳百年孤独 霍乱时期的爱情珍藏版诺贝尔文学奖马尔克斯 霍乱时期的爱情,券800-40,￥25.60
百年孤独(50周年纪念版)+霍乱时期的爱情+大卫科波菲尔  加西亚马尔克斯 诺贝尔文学奖得主,,￥118.78
月亮与六便士&人间失格&罗生门&人类群星闪耀时&百年孤独 太宰治毛姆芥川龙之介作品书 全套5册 百年孤独+罗生门+人间失格+我是猫等,免邮,￥78.60
【包邮】迷宫与《百年孤独》马尔克斯博尔赫斯等作品风格谈话录翻译评论书籍,放心购,￥15.00
【李现推荐书】人间失格 日本小说家太宰治的自传体正版小说 收录作者绝笔之作《Good bye》 畅销小说外国书籍畅销排行榜百年孤独,免邮,￥12.50
世界名著大全10册 百年孤独+霍乱时期的爱情+月亮与六便士+我是猫+人间失格+局外人罗生门1984,券800-40,￥198.00
加西亚・马尔克斯全集套装25册/百年孤独/霍乱时期的爱情/蓝狗的眼睛/活着为了讲述/,券800-40,￥799.00
百年孤独 50周年纪念版+霍乱时期的爱情 诺贝尔文学奖得主马尔克斯作品,,￥89.20
"京东超市	
坤藏百年孤独酒 45度500ml单瓶装 浓香型白酒",,￥128.00
时期的爱情获诺贝尔文学奖百年孤独现当代小说精装活着多规格 百年孤独(精),,￥23.00
【可选】百年孤独+复活+大卫科波菲尔+老人与海 高中生课外阅读书籍 全译文无删减版 百年孤独+复活+大卫科波菲尔+老人与海（5册）,放心购,￥88.00
追风筝的人+百年孤独 马尔克斯 胡塞尼中英文原版无删减 多规格 活着【平装】送书签,免邮,￥19.70
【可选】百年孤独+复活+大卫科波菲尔+老人与海 高中生课外阅读书籍 全译文无删减版 百年孤独（全译文无删减）,放心购,￥38.80
高中课外书【自选书籍】平凡的世界共三部路遥 世说新语 聊斋志异 三国演义红楼梦 鲁迅小说集家百年孤独边城活着文学小说书籍 边城,,￥25.80
正版全新 爱情和其他魔鬼（加西亚马尔克斯《百年孤独》后作）,券800-40,￥36.00
2666 波拉尼奥作品超越百年孤独 上海人民出版社,放心购,￥80.64
【现货包邮】马尔克斯：百年孤独（50周年纪念版）中文原版翻译无删减加西亚马尔克斯代表作书籍 百年孤独,免邮,￥39.60
百年孤独【下单赠实体书+抽赠张明信片】文学大师加西亚马尔克斯哥伦比亚作家代表名著外国文学凤凰新,券800-40,￥79.20
百年孤独+三只忧伤的老虎(50周年纪念版) 图书,券800-40,￥72.41
百年孤独 中文版精装珍藏版诺贝尔文学奖获得者加西亚马尔克斯代表作 外国小说世界名著读物文学小说,,￥39.60
百年孤独+霍乱时期的爱情(精)全套共2册马尔克斯诺贝尔文学奖外国经典文学小说中文版授权无删减,免邮,￥89.20
正版百年孤独+复活+大卫科波菲尔老人与海书+人间失格+刀锋成人高中生必读书籍全套4册正版另著霍乱时期的爱情 诺贝尔文学奖得主 百年孤独+老人与...,京东物流,￥48.00
百年孤独,放心购,￥41.25
马尔克斯-百年孤独（50周年纪念版）9787544291170,放心购,￥49.50
追风筝的人+百年孤独 马尔克斯 胡塞尼中英文原版无删减 多规格 百年孤独【精装】送书签,免邮,￥34.80
百年孤独(50周年纪念版)+霍乱时期的爱情+大卫科波菲尔  加西亚马尔克斯 诺贝尔文学奖得主,,￥118.78
百年孤独(精),券800-40,￥44.52
百年孤独(精) 马尔克斯著 世界经典文学读物,免邮,￥49.80
比利时的哀愁 欧洲大陆的《百年孤独》,券800-40,￥88.18
追风筝的人+百年孤独 马尔克斯 胡塞尼中英文原版无删减 多规格 霍乱时期的爱情【精装】送书签,免邮,￥34.80
【京东配送】百年孤独（插图纪念版） 原版复刻・精美装帧,京东物流,￥119.00
百年孤独+动物庄园+自卑 +一九八四+菊与刀+浮生六记 1984 外国小说图书 全6册书籍正版,,￥134.00
马尔克斯：百年孤独（50周年纪念版）,放心购,￥39.60
百年孤独：插图纪念版 加西亚・马尔克斯 著 路易莎・里维拉倾心绘制水彩插图 南海出版公司,券800-40,￥108.50
你当像鸟飞往你的山+百年孤独 马尔克斯+人间失格+月亮与六便士,自营,￥127.70
百年孤独+人间失格 共2册,券800-40,￥64.00
百年孤独+礼拜二的午睡时刻,放心购,￥59.15
百年孤独+动物庄园+自卑 +一九八四+菊与刀+浮生六记 1984 外国小说图书 全6册书籍正版,,￥134.00
寻圣光的人&百年孤独(精)共2册,券800-40,￥57.27
霍乱时期的爱情+百年孤独共2册,券800-40,￥99.20
包邮送人间失格和局外人】霍乱时期的爱情+百年孤独精装 马尔克斯诺贝尔文学奖,免邮,￥89.20
你当像鸟飞往你的山+百年孤独 共2册精装中文原版无删减比尔盖茨年度图书加西亚马尔克斯代表作诺贝尔文学,免邮,￥64.80
百年孤独(精),放心购,￥39.00
百年孤独 50周年纪念版+霍乱时期的爱情 诺贝尔文学奖得主马尔克斯作品,,￥89.20
【书籍】百年孤独 诺贝尔文学奖获得者马尔克斯代表作 百年孤独,券800-40,￥32.00
百年孤独(50周年纪念版)南海出版公司加西亚・马尔克斯新华书店正版图书,放心购,￥39.60
你当像鸟飞往你的山+百年孤独(精)全2册,券800-40,￥91.20
加西亚.马尔克斯全集全套10册(精装)全译本 百年孤独+霍乱 恶时辰 马尔克斯作品集  区域 马尔克,券800-40,￥391.00
百年孤独（赠笔记本）,券99-9,￥35.50
百年孤独+人间失格+月亮与六便士+我是猫,,￥109.90
罗生门+人间失格+我是猫+月亮与六便士+百年孤独 共5册,券800-40,￥80.98
【系列自选】世界经典名著小说 文学小说畅销书初高中生课外阅读书籍 百年孤独(50周年纪念版),京东物流,￥41.00
【正版】百年孤独 马尔克斯 50周年纪念版,京东物流,￥45.80
文学大师经典代表作：活着+百年孤独（精装共2册）余华加西亚马尔克斯 文学散文随笔作品集小说书籍,京东物流,￥80.00
百年孤独+人间失格 共2册,券800-40,￥64.00
百年孤独+人间失格+月亮与六便士+我是猫+罗生门,,￥125.00
百年孤独&人间失格 共2册,券800-40,￥44.58
百年孤独正版 完整版马尔克斯著 名著书籍文学类书籍月亮与六便士 全2册 百年孤独+人间失格,券800-40,￥152.00
百年孤独+追风筝的人 套装2册 马尔克斯 胡塞尼著,放心购,￥85.60
【正版现货】枯枝败叶（2018典藏版） 马尔克斯 百年孤独 序篇,券800-40,￥27.69
百年孤独(精),券800-40,￥38.87
【买1赠3】加西亚・马尔克斯作品集 全套 可选 百年孤独插图纪念版 2020年新版 新书,,￥115.20
霍乱时期的爱情+百年孤独共2册,券800-40,￥109.00
百年孤独(50周年纪念版),券800-40,￥40.15
马尔克斯：百年孤独(50周年纪念版),放心购,￥46.75
百年孤独(精)&不能承受的生命之轻&人间失格 共3册,券800-40,￥100.80
寻圣光的人&百年孤独(精)共2册,券800-40,￥75.84
马尔克斯百年孤独50周年纪念版了不起的盖茨比人间失格月亮与六便士我是猫罗生门边城 正版马尔克斯百年孤独50周年纪念版 百年孤独10册,,￥75.00
罗生门+人间失格+我是猫+月亮与六便士+百年孤独共5册,券800-40,￥153.60
百年孤独：插图纪念版 加西亚・马尔克斯 著 路易莎・里维拉倾心绘制水彩插图 南海出版公司,放心购,￥120.50
百年孤独+人间失格 共2册,券800-40,￥64.00
包邮 百年孤独 加西亚-马尔克斯 缔造文坛传奇奇迹经典名篇诺贝尔文学奖 世界名著 外国文学,免邮,￥44.00
百年孤独&人间失格 共2册,券800-40,￥44.58
百年孤独+人间失格+月亮与六便士+我是猫,,￥109.90
活着为了讲述+霍乱时期的爱情+人间失格+百年孤独共4册,券800-40,￥168.80
百年孤独 50周年纪念版 正版诺贝尔文学奖获得者马尔克斯代表作 世界名著 外国小说,券800-40,￥44.00
全套5册正版百年孤独+复活+大卫科波菲尔老人与海书高中生必读书籍全套5册正版 百年孤独+老人与海(全2册),京东物流,￥48.00
【系列自选】外国文学读物 百年孤独(插图纪念版),京东物流,￥119.00
你当像鸟飞往你的山+百年孤独(精)全2册,券800-40,￥91.20
买1赠3】 百年孤独中文版完整无删减版 +霍乱时期的爱情共2册马尔克斯 诺贝尔文学奖外国经典文学小说,,￥89.20
百年孤独马尔克斯代表作诺贝尔文学奖世界名著读物书籍,免邮,￥46.00
寻圣光的人&百年孤独(精)共2册,券800-40,￥75.84
全2册 百年孤独+霍乱时期的爱情正版中文珍藏版 精装马尔克斯著诺贝尔文学奖 国学经典文学小说全集无删,免邮,￥78.00
文学大师经典代表作：活着+百年孤独（精装共2册）余华加西亚马尔克斯 文学散文随笔作品集小说书籍,京东物流,￥75.00
马尔克斯：百年孤独（50周年纪念版） 加西亚・马尔克斯 南海出版公司出版社,京东物流,￥55.00
包邮 百年孤独【赠人间失格正版】 诺贝尔文学奖 加西亚・马尔克斯代表作  初中高中生阅读,,￥39.60
霍乱时期的爱情+百年孤独共2册,券800-40,￥99.20
正版百年孤独(精)诺贝尔文学奖加西亚・马尔克斯代表作 世界名著外国小说百年孤独原版 精装百年孤独,券800-40,￥35.00
马尔克斯：百年孤独（50周年纪念版）,京东物流,￥68.00
百年孤独&人间失格 共2册,券99-9,￥44.00
百年孤独+追风筝的人,券800-40,￥74.49
百年孤独 50周年纪念版精装正版诺贝尔文学奖获得者马尔克斯外国经典文艺小说中文版书籍 霍乱时期的爱情 百年孤独（定价55）,,￥42.70
加西亚马尔克斯全集全套21册马尔克斯百年孤独霍乱时期的爱情枯枝败叶恶时辰族长的秋天米格尔在智利等,放心购,￥650.00
恶时辰(加西亚马尔克斯《百年孤独》后佳作),放心购,￥15.05
百年孤独+人间失格+月亮与六便士+我是猫,免邮,￥68.35
百年孤独 马尔克斯+ 大卫科波菲尔+ 复活  全3册 外国经典文学小说名著 高中学生课外读物 3本装,放心购,￥58.80
加西亚马尔克斯小说作品全套19册 百年孤独霍乱时期的爱情枯枝败叶恶时辰族长的秋天苦妓回忆录蓝狗的眼睛,放心购,￥580.00
礼拜二午睡时刻 马尔克斯百年孤独作者 第三部正式出版的作品,,￥20.50
百年孤独加西亚马尔克斯9787544291170南海出版公司出版社,放心购,￥39.60
百年孤独+人间失格 套装2本 加西亚马尔克斯 太宰治著 外国文学小说图书籍,放心购,￥56.30
百年孤独+霍乱时期的爱情(精) 套装2册 世界名著外国经典文学小说书籍诺贝尔文学奖作,放心购,￥89.20
50周年纪念版 百年孤独  马尔克斯经典名篇诺贝尔文 唯有孤独永恒 中信书店,券800-40,￥38.50
寻圣光的人&百年孤独(精) 共2册,券99-9,￥56.90
正版 全套4册 百年孤独+人间失格+罗生门+月亮与六便士 太宰治 马尔克斯原著原版中文版无删减 外国,,￥75.80
老人与海+大卫・科波菲尔(上下)+复活+百年孤独(精)（共5册）,券800-40,￥71.40
百年孤独(精)&不能承受的生命之轻&人间失格 共3册,券800-40,￥100.80
百年孤独+人间失格(50周年纪念版),券800-40,￥42.80
百年孤独+追风筝的人 马尔克斯 胡塞尼中英文原版无删 诺贝尔文学奖世界名著现当,券800-40,￥100.00
马尔克斯：百年孤独（50周年纪念版）,券800-40,￥39.60
正版马尔克斯百年孤独50周年纪念版+霍乱时期的爱情+人间失格月亮与六便士我是猫罗生门瓦尔登湖 霍乱时期的爱情经典10册,,￥68.80
你当像鸟飞往你的山+百年孤独(精)全2册,券800-40,￥91.20
百年孤独中文原版纪念版 外国经典名著小说 青少年青春文学读物 初高中生课外阅读书籍,免邮,￥55.00
"文学大师经典代表作:活着+百年孤独(全2册) 余华,(哥伦)加西亚・马尔克斯著 范晔 译 中国近代",券68-5,￥70.60
百年孤独 马尔克斯+人间失格 太宰治 原著原版中文版世界名著外国小说书籍书排行榜诺奖诺贝尔文学,放心购,￥40.10
精装版人间失格日本太宰治著日文原版珍藏含斜阳维荣之妻文学当代经典小说排行榜百年孤独我是猫书,放心购,￥14.80
马尔克斯大全集 外国文学小说加西亚马尔克斯百年孤独霍乱时期的爱情诺贝尔文学奖经典书籍 马尔克斯全集20册,,￥630.00
百年孤独1000万册纪念套装（精美套盒典藏版，赠送3款马尔克斯金句胶带）,免邮,￥161.00
加西亚马尔克斯全集全套10册(精装) 马尔克斯作品全集 马尔克斯：百年孤独 马尔克斯：霍乱时期的爱,放心购,￥300.00
百年孤独+霍乱时期的爱情+爱情和其他魔鬼 3册世界名著外国经典文学小说书籍诺贝尔文学,京东物流,￥105.00
"拍拍	
【二手9成新】百年孤独（全译本）.",,￥30.00
罗生门+人间失格+我是猫+月亮与六便士+百年孤独共5册,券800-40,￥153.60
【可选】百年孤独+复活+大卫科波菲尔+老人与海 高中生课外阅读书籍 全译文无删减版 复活（全译文无删减）,,￥12.80
百年孤独中文书无删减精装珍藏版马尔克斯世界名著文学外国小说 霍乱时期爱情 拉美魔,券800-40,￥79.20
光明世纪(马尔克斯读完此书，重写《百年孤独,放心购,￥66.50
百年孤独&人间失格 共2册,券800-40,￥44.00
霍乱时期的爱情+百年孤独共2册,券800-40,￥83.40
活着为了讲述+霍乱时期的爱情+人间失格+百年孤独共4册,券800-40,￥168.80
百年孤独中文版正版+月亮与六便士+我是猫+人间失格+局外人+罗生门 外国小说 世界名著6册,,￥68.00
百年孤独正版 珍藏版精装中文版 加西亚・马尔克斯诺贝尔奖高中生阅读课外书初中世界名著经典文学社科,免邮,￥45.80
鲁尔福三部曲 燃烧的原野+佩德罗.巴拉莫+金鸡 鲁尔福魔幻现实主义小说流派开山鼻祖 百年孤独马尔克,券68-5,￥101.90
【新华书店】百年孤独（50周年纪念版） 全新正版,放心购,￥45.20
正版共2册 百年孤独+追风筝的人 马尔克斯 胡塞尼原版无删 诺贝尔文学奖世界名著现代文学外国随笔小,券68-5,￥67.90
"百年孤独：插图纪念版 (哥伦比亚)加西亚・马尔克斯著,新经典出品 南海出版公司",京东物流,￥128.00
百年孤独 中文正版书无删减精装珍藏版马尔克斯世界名著文学外国小说 霍乱时期爱情拉美魔幻现实主义,,￥39.60
老人与海+大卫・科波菲尔(上下)+复活+百年孤独(精)（共5册）,券800-40,￥71.20
百年孤独 人间失格经典文学小说50周年纪念版诺贝尔文学奖获得者马尔克斯代表作 世界名著读物文学小说世,免邮,￥49.80
【全套8册】百年孤独平凡的世界路遥全三册活着余华遥远的救世主未删减版原著暂坐贾平凹白鹿原正版畅销小说 全套8册,免邮,￥286.00
"拍拍	
【二手99成新】百年孤独",,￥26.00
文学大师经典代表作：活着+百年孤独（精装共2册）余华加西亚马尔克斯 文学散文随笔作品集小说书籍,京东物流,￥80.00
正版穆斯林的葬礼精装版霍达 著 茅盾文学奖作品限量纪念版现当代文学长篇爱情小说书 百年孤独霍乱时期的,,￥37.35
寻圣光的人&百年孤独(精) 共2册,券99-9,￥56.90
老人与海+大卫・科波菲尔(上下)+复活+百年孤独(精)（共5册）,券99-9,￥72.70
百年孤独马尔克斯50周年纪念版2017 外国文学小说中文版 诺贝尔文学奖,免邮,￥41.30
【48小时发货】正版 百年孤独月亮与六便士人间失格罗生门外国经典文学小说书籍 百年孤独,券800-40,￥87.00
"马尔克斯:百年孤独(50周年纪念版) 9787544291170 加西亚・马尔克斯,范晔",放心购,￥44.00
后浪正版 帝国轶闻 拉美文学百年孤独马尔克斯推荐费尔南多德尔帕索墨西哥历史长篇小说书籍,,￥74.20
【现货速发】正版 马尔克斯：百年孤独（50周年纪念版） 霍乱时期的爱情(2015版) 霍乱时期的爱情,京东物流,￥68.80
百年孤独马尔克斯正版书中文版原版珍藏版精装拉美人民魔幻现实主义长篇小说世界名著书籍上海译文南海出版社,放心购,￥38.00
"京东国际	
【西班牙文版】马尔克斯：百年孤独（精装50周年插图版）Cien anos de soledad",券800-40,￥350.00
[现货实拍] 霍乱时期的爱情马尔克斯 精装 百年孤独 外国现当代文学小说 外国小说外国文学爱情小说,券800-40,￥49.60
精装正版】10册 百年孤独+霍乱时期的爱情+人间失格+月亮与六便士+乌合之众自卑与越局外人 经典文,免邮,￥198.00
梦中的欢快葬礼和十二个异乡故事 百年孤独作者马尔克斯欧漂故事,,￥18.80
【京送速发 正版图书】百年孤独(精),券800-40,￥38.20
《百年孤独》一千万册纪念套装（赠三款珍藏版金句胶带),京东物流,￥224.00
百年孤独(精)&不能承受的生命之轻&人间失格 共3册,券800-40,￥100.80
比利时的哀愁 比利时作家 雨果克劳斯一生之作战后欧洲zui伟大的小说之一欧洲大陆的《百年孤独》,放心购,￥108.80
【官方直营】马尔克斯大全集全套装 外国文学小说加西亚马尔克斯百年孤独霍乱时期的爱情经典书籍,放心购,￥521.00
马尔克斯：百年孤独（50周年纪念版） 小说 书籍,,￥39.60
百年孤独+霍乱时期的爱情 共2册马尔克斯 诺贝尔文学奖得主 外国经典文学小说畅销书排行榜,免邮,￥89.20
百年孤独 马尔克斯+了不起的盖茨比+罗生门+人间失格+瓦尔登湖+月亮和六便士+我是猫（共7册）,京东物流,￥78.80
【送透明书签X4】百年孤独 插图纪念版 马尔克斯原版复刻收藏版 霍乱时期的爱情作者 中信书店,免邮,￥121.26
正版现货  马尔克斯：百年孤独   纪念版 未作任何删节  ,免邮,￥44.00
全套4册 百年孤独马尔克斯+老人与海+复活书+大卫・科波菲尔高一学生课外阅读书籍必读完整版无删减名著,券800-40,￥119.60
3册乡土中和红楼梦费孝通著高一语文名著课外书高中版高中生阅读书籍书目人民文学教育出版社高二人教版整本 百年孤独3册,,￥112.00
【全套5册】百年孤独+月亮与六便士+我是猫+人间失格+罗生门 原著正版无删减 经典外国文学小说世界名,放心购,￥82.96
百年孤独&人间失格 共2册,券800-40,￥44.58
百年孤独3册+人间失格+月亮六便士 书原版精装珍藏版译本 加西亚马尔克斯代表作诺贝尔文学奖霍乱时期的,券800-40,￥99.60
全套4册 百年孤独+大卫科波菲尔+复活+老人与海必读高中课外书高一阅读书籍书目名著老师语文高中生人民,券800-40,￥139.60
正版2册 马尔克斯：百年孤独+经典译林：麦田里的守望者 精装,券800-40,￥65.00
百年孤独+霍乱时期的爱情（共两册）马尔克斯 诺贝尔文学奖 世界名著书籍,,￥89.20
全5册 百年孤独+月亮与六便士+我是猫+人间失格+罗生门 马尔克斯外国文学小说世界名著书籍书籍,券800-40,￥59.00
【赠明信片】鲁尔福三部曲 燃烧的原野+佩德罗.巴拉莫+金鸡 魔幻现实主义小说流派 百年孤独马尔克斯开,放心购,￥111.80
百年孤独 【下单赠实体书+抽赠4张明信片】 文学大师加西亚马尔克斯哥伦比亚作家代表名著外国文学凤凰新,券800-40,￥79.20
【经典3本】人间失格+百年孤独+活着全3册太宰治马尔克斯余华著文学经典小说图书籍畅销书排行榜失格人间,券800-40,￥119.60
罗生门+人间失格+我是猫+月亮与六便士+百年孤独共5册,券800-40,￥153.60
百年孤独50周年纪念版 加西亚・马尔克斯 加西亚马尔克斯经典名篇诺贝尔文学奖 外国经典文学名著,,￥41.59
百年孤独+追风筝的人 套装2册 马尔克斯 胡塞尼著,券800-40,￥102.72
百年孤独 精装中文版 加西亚马尔克斯经典名篇诺贝尔文学奖,券800-40,￥48.00
【现货赠书签】族长的秋天书口喷绘图案 加西亚・马尔克斯 惊艳双封设计 一个人的百年孤独 诺贝尔文学奖,放心购,￥44.30
百年孤独 精装 诺贝尔文学奖获得者加西亚马尔克斯代表作 世界名著文学图书籍外国文学畅销文艺小说魔幻现,券800-40,￥79.20
百年孤独 书中文版 诺贝尔文学奖获得者马尔克斯代表作 精装珍藏版世界名著读物外国现当代文学小说畅销书,券800-40,￥79.20
百年孤独马尔克斯外国文学小说7册人间失格月亮和六便士罗生门瓦尔登湖我是猫了不起的盖茨比青少年世界名著,,￥59.80
【新华正版】百年孤独(精),券800-40,￥44.54
百年孤独诺贝尔文学奖获得者马尔克斯代表作7册人间失格月亮和六便士罗生门瓦尔登湖我是猫 经典现当代文学,券800-40,￥139.60
活着为了讲述+霍乱时期的爱情+人间失格+百年孤独共4册,券800-40,￥168.80
百年孤独+活着 共2册正版马尔克斯余华著无删减精装版诺贝尔文学奖得主兄弟许三观卖/血记在细雨中呼喊当,放心购,￥75.00
马尔克斯：百年孤独（50周年纪念版）,京东物流,￥55.00
百年孤独中文版正版+月亮与六便士+我是猫+人间失格+局外人+罗生门 外国小说 世界名著6册,,￥68.00
【附赠书签4张】百年孤独正版现货 插图纪念版精装珍藏中文版加西亚马尔克斯代表作诺贝尔文学奖获得者外国,放心购,￥125.20
精装版人间失格日本太宰治著全集日文原版无删减珍藏含斜阳维荣之妻文学当代经典小说排行榜百年孤独我是猫书,券800-40,￥30.00
"[正版]百年孤独 [哥伦比亚]加西亚・马尔克斯,黄锦炎,沈国正 上海译文出版社 9787532706",券600-30,￥150.00
【正版包邮】你当像鸟飞往你的山+百年孤独中文装 原版无删减比尔盖茨年度图书加西亚马尔克斯代表作诺,京东物流,￥76.00
【旗舰店官网】百年孤独正版+追风筝的人 马尔克斯 胡塞尼中英文原版无删 诺贝尔文学奖世界名著,免邮,￥82.00
正版穆斯林的葬礼精装版霍达 著 茅盾文学奖作品限量纪念版现当代文学长篇爱情小说书 百年孤独霍乱时期的,,￥37.35
作家经典文库 精装版人间失格日本太宰治著全集无删减珍藏含斜阳维荣之妻文学当代经典小说排行榜百年孤独我,放心购,￥32.20
【正版出售】百年孤独 50周年纪念版 诺贝尔文学奖得主加西亚马尔克斯 另著霍乱时期的爱情经典外国小说 百年孤独(50周年纪念版),券800-40,￥39.60
现货精装版霍乱时期的爱情百年孤独人间失格活着全四册马尔克斯太宰治余华上海译文出版社正版文学小说名著经,放心购,￥134.80
百年孤独+加西亚马尔克斯访谈录 共2册套装 诺贝尔文学奖得主 质感复古文学评论与研究 世界名著外国,免邮,￥87.20
【全套5册】百年孤独+月亮与六便士+我是猫+人间失格+罗生门  原著正版无删减精装版 经典外国文学小,免邮,￥114.00
爱情和其他魔鬼 百年孤独霍乱时期的爱情作者加西亚马尔克斯作品,,￥18.80
正版 百年孤独 霍乱时期的爱情 马尔克斯作品 诺贝尔文学奖得主 全4册霍乱时期的爱情套装,免邮,￥79.90
百年孤独（插图纪念版） 原版复刻・精美装帧・典藏必收,京东物流,￥119.00
寻圣光的人&百年孤独(精)共2册,券800-40,￥75.84
百年孤独  中文珍藏原版译本无删减加西亚马尔克斯代表作诺贝尔文学奖外国小说世界名著书籍畅销正版,免邮,￥66.00
百年孤独(精) 正版现货 加西亚马尔克斯代表作诺贝尔文学得主中文版无删减霍乱时期的爱情作者外国文,免邮,￥66.00
百年孤独+自由+毒木共3册 诺贝尔文学大奖作家马尔克斯外国文学经典作家作品集,,￥138.98
[现货正版]没有人给他写信的上校（2018典藏版）马尔克斯自认《百年孤独》的经典 外国文学外国小说畅,免邮,￥42.00
鲁尔福三部曲 燃烧的原野+佩德罗 巴拉莫+金鸡 全3册 没有鲁尔福或许就没有 百年孤独 百年孤独经,放心购,￥88.00
【网 正版书籍】百年孤独 诺贝尔文学奖获得者马尔克斯代表作 世界名著读物  范晔翻译中文版 文学小说,免邮,￥66.00
百年孤独+人间失格(50周年纪念版),放心购,￥61.27
【赠 百年孤独纪念卡】百年孤独 加西亚・马尔克斯 诺贝尔文学奖代表作 霍乱时期的爱情 流金岁月朱锁锁,免邮,￥66.00
全6册 百年孤独+月亮与六便士+我是猫+人间失格+罗生门+了不起的盖茨比马尔克斯外国文学小说世界名著,,￥56.80
霍乱时期的爱情+百年孤独共2册,券800-40,￥99.20
【正版】百年孤独+活着+人间失格 共3册 加西亚马尔克斯余华太宰治著精装完整无删减版诺贝尔文学奖外国,免邮,￥97.00
【正版】百年孤独+活着+人间失格 共3册 加西亚马尔克斯余华太宰治著完整版诺贝尔文学奖外国当代文学长,免邮,￥97.00
【网 插图纪念版 附赠透明书签4张】百年孤独 诺贝尔文学奖获得者马尔克斯代表作世界名著读物 范晔翻译,免邮,￥219.00
正版图书 品质好书 光明世纪（马尔克斯读完此书，重写《百年孤独》。拉丁美洲文学巨擘卡彭铁尔，气势恢,京东物流,￥51.34
全4册 人间失格+活着+百年孤独+霍乱时期的爱情 正版全集珍藏原版无删减 太宰治余华马尔克斯文学经典,,￥126.60
百年孤独+追风筝的人全套2册 正版现货 马尔克斯胡塞尼经典文学读物畅销组合外国文学小说读本世界名著经,免邮,￥110.00
正版 百年孤独 精装珍藏版 中文马尔克斯诺贝尔文学奖获得者代表作 中英文原版现实主义文坛传奇经典世界,免邮,￥76.00
百年孤独+活着 共2册,券800-40,￥100.00
百年孤独正版马尔克斯 精装中文版无删减精装珍藏版译本 加西亚马尔克斯著 外国文学小说书排行榜 初中高,免邮,￥66.00
【正版】百年孤独+人间失格全2册 原著原版无删减中文译本 太宰治马尔克斯外国经典文学世界名著小说畅销,免邮,￥68.00
梦中的欢快葬礼和十二个异乡故事 百年孤独作者马尔克斯欧漂故事,,￥18.80
正版2册 人间失格+百年孤独 全集精装珍藏日文原版无删减日本太宰治马尔克斯外国文学经典小说世界名著书,免邮,￥98.00
【赠乌合之众】百年孤独正版 中文版无删减精装珍藏版译本 加西亚马尔克斯贝尔诺文学奖霍乱时期爱情 文学,免邮,￥46.00
你当像鸟飞往你的山+百年孤独 共2册精装中文原版无删减比尔盖茨年度图书加西亚马尔克斯代表作诺贝尔文学,免邮,￥112.00
百年孤独 正版书中文版 诺贝尔文学奖获得者马尔克斯代表作 精装珍藏版正版世界名著读物外国现当代文学小,免邮,￥66.00
共2册】你当像鸟飞往你的山+百年孤独正版原版无删减比尔盖茨 加西亚马尔克斯代表作诺贝尔文学奖外国小说,免邮,￥110.00
3册乡土中和红楼梦费孝通著高一语文名著课外书高中版高中生阅读书籍书目人民文学教育出版社高二人教版整本 百年孤独3册,,￥112.00
三只忧伤的老虎 吉列尔莫・卡夫雷拉・因凡特 范晔译拉丁美洲的尤利西斯哈瓦那夜店版追忆逝水年华百年孤独,免邮,￥55.00
百年孤独 精装正版50周年纪念版中文原版翻译无删减加西亚马尔克斯代表作诺贝尔文学奖外国经典文学小说书,免邮,￥57.00
百年孤独插图纪念版 加西亚马尔克斯正版精装中文版诺贝尔文学奖霍乱时期的爱情黄锦炎世界名著 新华文轩书,免邮,￥203.00
【限量赠送人间失格】百年孤独中文正版书无删减精装珍藏版马尔克斯世界名著文学外国小说 霍乱时期爱情 拉,免邮,￥66.00
百年孤独正版书原版 诺贝尔文学奖加西亚.马尔克斯代表作世界名著读物范晔翻译中文版文学小说畅销书百年孤,免邮,￥53.00
马尔克斯经典作品 套装 百年孤独 霍乱时期的爱情 诺贝尔文学奖获得者 文学名著 学生课外读物 外国经,,￥75.50
正版现货速发百年孤独精装中文原版诺贝尔文学奖加西亚马尔克斯50周年纪念版无删减霍乱时期的爱情外国经典,免邮,￥66.00
【附赠书签4张】百年孤独正版 插图纪念版精装珍藏中文版加西亚马尔克斯代表作诺贝尔文学奖获得者外国文学,免邮,￥204.00
【官方正版图书】 马尔克斯 百年孤独 加西亚 马尔克斯 南海出版公司出版社,京东物流,￥55.00
【赠人间失格】 百年孤独（马尔克斯）精装中文原版诺贝尔文学奖加西亚马尔克斯无删减非英文珍藏版霍乱时期,免邮,￥66.00
百年孤独人间失格全2本无删减太宰治原著马尔克斯诺贝尔文学奖作品经典外国文学小说日本畅销图书籍名著失格,免邮,￥68.00
枯枝败叶 马尔克斯百年孤独续篇,,￥21.80
【附赠人间失格】百年孤独正版 精装中文原版诺贝尔文学奖加西亚马尔克斯无删减非英文珍藏版霍乱时期爱情外,免邮,￥66.00
【现货速发】百年孤独正版 精装中文原版加西亚马尔克斯无删减诺贝尔文学奖霍乱时期的爱情世界名著文学畅销,免邮,￥54.00
百年孤独正版中文版精装珍藏版诺贝尔文学奖获得者加西亚马尔克斯代表作世界名著文学外国文学畅销文艺小说图,免邮,￥66.00
【全套7册】百年孤独+了不起的盖茨比+罗生门+人间失格+瓦尔登湖+月亮和六便士+我是猫,京东物流,￥75.00
现货精装版霍乱时期的爱情百年孤独人间失格活着全四册马尔克斯太宰治余华上海译文出版社正版文学小说名著经,免邮,￥186.00
百年孤独(精)&不能承受的生命之轻&人间失格 共3册,券99-9,￥72.90
正版 《百年孤独》一千万册纪念套装 小说 外国小说 文学读物 散文随笔书信 新经典文化,免邮,￥147.00
罗生门+人间失格+我是猫+月亮与六便士+百年孤独 共5册,券800-40,￥79.20
老人与海+大卫・科波菲尔(上下)+复活+百年孤独(精)（共5册）,券99-9,￥72.70
正版全新 恶时辰 百年孤独(插图纪念版),券800-40,￥91.00
【品牌旗舰店】光明世纪（马尔克斯读完此书，重写《百年孤独》。拉丁美洲文学巨擘卡彭铁尔，气势恢宏的新巴,京东物流,￥69.90
全2册 人间失格+百年孤独 太宰治 马尔克斯经典作品 诺奖诺贝尔文学奖作品 外国文学小说书籍Y,放心购,￥50.90
马尔克斯：百年孤独（50周年纪念版）,券800-40,￥49.50
你当像鸟飞往你的山+百年孤独(精)全2册,券800-40,￥91.20
正版全新 恶时辰 百年孤独(50周年纪念版),券800-40,￥31.30
猪的土地 约翰伯格著 他们的劳作之一 如同百年孤独中马孔多般的乡村世界  理想国,免邮,￥66.00
百年孤独 马尔克斯+了不起的盖茨比+罗生门+人间失格+瓦尔登湖+月亮和六便士+我是猫（共7册） 套装,京东物流,￥79.80
百年孤独,放心购,￥46.75
加西亚马尔克斯全集全套22册 马尔克斯 百年孤独霍乱时期的爱情枯枝败叶恶时辰族长的秋天苦妓回忆录等,放心购,￥750.00
可选 石黑一雄作品系列 局外人+百年孤独+我的名字叫红+长日将尽 共4本,券800-40,￥177.60
老人与海+大卫・科波菲尔(上下)+复活+百年孤独(精)（共5册）,券800-40,￥72.70
【全套7册】百年孤独+了不起的盖茨比+罗生门+人间失格+瓦尔登湖+月亮和六便士+我是猫,京东物流,￥76.00
1/2册 马尔克斯 百年孤独+礼拜二午睡时刻 入选人教版语文教材 百年孤独,券800-40,￥56.16
正版全新 恶时辰 百年孤独 霍乱时期的爱情,券800-40,￥70.50
正版全新 恶时辰 活着+百年孤独(精装共2册),券800-40,￥55.80
【京送速发 正版图书】马尔克斯：百年孤独（50周年纪念版）,京东物流,￥40.90
霍乱时期的爱情+百年孤独 诺贝尔文学奖得主共2册 马尔克斯 经典作品套装 减 中国友谊图书,券800-40,￥113.50
百年孤独 人间失格全2本无删减 太宰治著 尔  著 诺奖诺贝尔文学奖作品经典图书籍 外国文学小说日本 正版,放心购,￥61.30
百年孤独+活着 共2册,券800-40,￥62.69
 百年孤独 精装版 诺贝尔文学奖得主马尔克斯霍乱时期的爱情 世界名著经典畅销书排行榜文学书籍,放心购,￥38.00
卡夫卡小说精选（套装共2册）：马尔克斯受其影响，撰写出文学巨著《百年孤独》,券800-40,￥29.80
百年孤独+人间失格 套装2本 加西亚马尔克斯 太宰治著 外国文学小说图书籍,券800-40,￥67.56
正版 马尔克斯：一桩事先张扬的凶杀案（2018典藏版） 百年孤独 霍乱时期的爱情,券800-40,￥99.80
百年孤独正版中文版珍藏版书精装版我是猫 夏目漱石正版书人间失格太宰治 原版无删 全3册,免邮,￥85.00
[正版]百年孤独 加西亚马尔克斯代表作 中文版授权 无删 百年孤独正版 百年孤独正版魔幻现,免邮,￥68.00
百年孤独 霍乱时期的爱情 诺贝尔文学奖马尔克斯代表作  流金岁月 朱锁锁 世界名著外国文学,券800-40,￥52.00
正版 族长的秋天 (哥伦比亚)加西亚・马尔克斯 惊艳双封设计 书口喷绘图案 一个人的”百年孤独“,券800-40,￥44.30
老人与海+大卫・科波菲尔(上下)+复活+百年孤独(精)（共5册）,券99-9,￥72.70
无货包邮 百年孤独+霍乱时期的爱情（精装）加西亚・马尔克斯 诺贝尔文学奖作者 世界名著外国经典文学小,放心购,￥80.60
百年孤独 正版完整版 诺贝尔文学奖获得者马尔克斯代表作 世,券800-40,￥54.60
【正版现货】百年孤独精装 诺贝尔文学奖获得者加西亚马尔克斯代表作 世界名著文学图书籍外国文学文艺,放心购,￥63.36
【正版书籍】50周年纪念版 百年孤独  马尔克斯经典名篇诺贝尔文 唯有孤独永恒,券800-40,￥39.60
现货 全6册百年孤独+月亮与六便士+我是猫+人间失格+罗生门+1984 外国小说 世界名著,免邮,￥93.00
正版 百年孤独+霍乱时期的爱情 诺贝尔文学奖得主马尔克斯 外国经典文学小说中文版授权无删节魔幻现实主,放心购,￥142.72
【赠海报+明信片】鲁尔福三部曲 燃烧的原野+佩德罗 巴拉莫+金鸡 魔幻现实主义小说流派 百年孤独马尔克斯开篇雏形灵感来源书籍,放心购,￥88.00
百年孤独 中文版 加西亚・马尔克斯著 范晔译 诺贝尔文学奖获得者作品 50周年插图纪念版 南海人民文,券800-40,￥51.50
霍乱时期的爱情+百年孤独+皮囊+偷影子的人+追风筝的人+摆渡人【套装6册】,券800-40,￥199.00
精装10册 百年孤独+霍乱时期的爱情+人间失格+月亮与六便士+乌合之众自卑与局外人 经典文学外国小说,券800-40,￥287.00
正版全新 恶时辰 《百年孤独》一千万册纪念套装,券800-40,￥122.20
百年孤独正版 百年孤独珍藏版精装中文版加西亚・马尔克斯全集单本诺贝尔文学奖获得者,券800-40,￥55.00
【足无删】 百年孤独+茶花女 全册 马尔克斯著世界名著现代文学套装诺贝尔文学奖中文版 文学小说畅销书,券800-40,￥60.00
百年孤独插图纪念版拉美艺术家路易莎里维拉倾心绘制水彩书籍小说可搭人间失格XJD云图,券800-40,￥135.25
马尔克斯经典作品 套装 百年孤独 霍乱时期的爱情 诺贝尔文学奖获得者 文学名著 学生课外读物 外国经,券800-40,￥89.20
百年孤独1000万册纪念套装（精美套盒典藏版，赠送3款马尔克斯金句胶带）,免邮,￥161.00
老人与海+大卫・科波菲尔(上下)+复活+百年孤独(精)（共5册）,券800-40,￥72.70
百年孤独 书中文版 诺贝尔文学奖获得者马尔克斯代表作 精装珍藏版世界名著读物外国现当代文学小说书,券800-40,￥51.50
百年孤独(精)  加西亚马尔克斯代表作诺贝尔文学得主中文版授权减霍乱时期的爱情作者外国文学小说书籍,券800-40,￥51.50
插图纪念版 附赠透明书签4张百年孤独 诺贝尔文学奖获得者马尔克斯代表作世界名著读物 范晔翻译中文版,券800-40,￥150.00
百年孤独(精) 正版 加西亚马尔克斯代表作诺贝尔文学奖得主中文版授权无删霍乱时期的爱情作者外国,免邮,￥65.00
正版 百年孤独精装 诺贝尔文学奖获得者加西亚马尔克斯代表作 世界名著文学图书籍外国文学文艺小说魔,免邮,￥39.60
百年孤独纪念版50周年加西亚马尔克斯另著霍乱时期的爱情,免邮,￥45.80
百年孤独全1册 马尔克斯著 人间失格月亮与六便士我是猫罗生门瓦尔登湖了不起的盖茨比边城国内外现当代文,券800-40,￥91.00
全3册 百年孤独正版中文版珍藏版书精装版我是猫 夏目漱石正版书人间失格太宰治 原版无删 百年孤独,免邮,￥85.00
百年孤独(精)&不能承受的生命之轻&人间失格 共3册,券800-40,￥100.80
正版书籍 百年孤独 诺贝尔文学奖获得者马尔克斯代表作 世界名著读物 范晔翻译中文版 文学小说书精,免邮,￥73.00
百年孤独+霍乱时期的爱情(精)全套2册正版马尔克斯 诺贝尔文学奖 外国经典文学小说中文版授权无删节,免邮,￥120.00
百年孤独+人间失格+月亮与六便士+我是猫 共4册 马尔克斯太宰治毛姆夏目漱石外国文学经典小说 5,券20-2,￥122.88
百年孤独正版 百年孤独珍藏版精装中文版加西亚・马尔克斯全集单本诺贝尔文学奖获得者,券800-40,￥51.00
新华百年孤独中文版 诺贝尔文学奖获得者马尔克斯代表作霍乱时期的爱情世界名著文学排行版书籍外国小说,券800-40,￥51.50
百年孤独精装版+月亮与六便士 全2册套装 名著书籍经典现当代文学外国小说中文版图书籍排行榜,券800-40,￥61.00
百年孤独全10册 马尔克斯著 人间失格月亮与六便士我是猫罗生门瓦尔登湖了不起的盖茨比边城国内外现当代,券800-40,￥96.75
新华书店 百年孤独 诺贝尔文学奖得主 马尔克斯代表作 精装典藏 世界名著 中小学生课外阅读书目,券20-2,￥87.12
全2册 人间失格+百年孤独 太宰治 马尔克斯经典作品 诺奖诺贝尔文学奖作品 外国文学小说书籍,放心购,￥43.00
共13册 外国小说书 摆渡人1+2 百年孤独 岛上书店 人间失格 月亮与六便士 追风筝的人 东野,券800-40,￥443.00
【】百年孤独+人间失格+月亮与六便士+我是猫+罗生门 全套5册 马尔克斯外国经典文学小说世界名著,券20-2,￥142.68
百年孤独 精装 诺贝尔文学奖获得者加西亚马尔克斯代表作 世界名著文学图书籍外国文学文艺小说魔幻现实主,券800-40,￥51.50
百年孤独 精装正版50周年纪念版中文原版翻译无删加西亚马尔克斯代表作书籍诺贝尔文学奖外国经典文学,免邮,￥61.00
鲁尔福三部曲 燃烧的原野+佩德罗.巴拉莫+金鸡 鲁尔福魔幻现实主义小说流派鼻祖 百年孤独马尔克斯,券20-2,￥142.47
百年孤独精装 诺贝尔文学奖获得者加西亚马尔克斯代表作 世界名著文学图书籍外国文学文艺,免邮,￥44.00
百年孤独 加西亚-马尔克斯 缔造文坛传奇奇迹经典名篇诺贝尔文学奖 世界名著 外国文学,券800-40,￥52.80
百年孤独,券800-40,￥41.30
1/2册 马尔克斯 百年孤独+礼拜二午睡时刻 入选人教版语文教材 礼拜二午睡时刻+百年孤独,券800-40,￥72.00
百年孤独+人间失格 共2册 太宰治马尔克斯原著中文版无删减诺贝尔文学奖作品 世界名著外国小说书籍,券20-2,￥89.17
百年孤独+霍乱时期的爱情 精装全2册 诺贝尔文学奖得主马尔克斯外国经典文学小说书籍书排行榜 新华,券20-2,￥182.86
百年孤独 中文版 加西亚・马尔克斯著 范晔译 诺贝尔文学奖获得者作品 50周年插图纪念,券800-40,￥49.50
现货【经典3本】人间失格+百年孤独+活着全3册太宰治马尔克斯余华著文学经典小说图书籍书排行榜失格,券20-2,￥122.59
正版全新 马尔克斯：百年孤独（50周年纪念版） 恶时辰,券800-40,￥17.50
罗生门+人间失格+我是猫+月亮与六便士+百年孤独共5册,券800-40,￥153.60
全3册百年孤独+月亮与六便士+人间失格 诺贝尔文学奖无删中文版原版非英文版经典霍乱时期的爱情外国文学,券800-40,￥61.20
百年孤独+人间失格+月亮与六便士+我是猫 共4册 马尔克斯太宰治毛姆夏目漱石畅销外国文学经,券800-40,￥72.52
】全3册 百年孤独正版中文版珍藏版书精装版我是猫 夏目漱石正版书人间失格太宰治 原版无删减,免邮,￥67.00
【现货】百年孤独  原著原版无删减中文译本太宰治马尔克斯外国经典文学世界名著小说书籍 诺贝尔文学,券20-2,￥81.18
全5册 百年孤独+月亮与六便士+我是猫+人间失格+罗生门 马尔克斯外国文学小说世界名著书籍书籍,免邮,￥80.00
【详情页下拉 领15元券】百年孤独+自在独行 插图纪念版 艺术家路易莎里维拉倾心绘制水彩书籍小说,券800-40,￥150.25
【买1赠1】百年孤独正版 马尔克斯 无删减珍藏版精装 诺贝尔文学奖 外国经典文学社科小说书籍原版,券800-40,￥49.50
全套4册 百年孤独马尔克斯+老人与海+复活书+大卫・科波菲尔高一学生课外阅读书籍必读完整版无删减名著,券20-2,￥119.60
百年孤独 精装 50周年纪念版中文版 原版翻译 加西亚马尔克斯代表作外国经典文学小说书籍书高中生高中,券800-40,￥49.70
百年孤独50周年纪念版 加西亚・马尔克斯 加西亚马尔克斯经典名篇诺贝尔文学奖 外国经典文学小说世界名,券20-2,￥83.16
正版全新 马尔克斯：百年孤独（50周年纪念版） 枯枝败叶,券800-40,￥23.40
正版全新 双城记+十日谈+神曲+罪与罚 百年孤独 马尔克斯+,券800-40,￥150.90
（全新正版）百年孤独 文学大师加西亚马尔克斯 世界名著外国文学 百年孤独+活着,放心购,￥94.60
百年孤独（50周年纪念版） 9787544291170 加西亚・ 尔   南海出版公司 全新正版,放心购,￥43.56
百年孤独+人间失格全2本无删减 太宰治著马尔克斯著 诺奖诺贝尔文学奖作品经典图书籍 外国文,券800-40,￥48.50
精装版人间失格日本太宰治著正版全集日文原版无删减珍藏含斜阳维荣之妻文学当代经典小说排行榜百年孤独我是,免邮,￥27.00
百年孤独 马尔克斯著 50周年纪念版 霍乱时期的爱情 世界名著 诺贝尔文学奖诺奖作品  外国文,券800-40,￥53.00
全3册 百年孤独 书中文版诺贝尔文学奖获得者马尔克斯代表作 精装珍藏版世界名著读物外国现当代文学小说,券20-2,￥111.60
百年孤独 50周年纪念版 诺贝尔文学奖得主 马尔克斯代表作 精装典藏 世界名著 外国文学书籍书,券800-40,￥49.50
【】百年孤独+追风筝的人 马尔克斯 胡塞尼中文原版无删 诺贝尔文学奖世界名著现当代文学外国随笔小说畅,券20-2,￥109.67
【新华书店】百年孤独 人间失格全2本无删减 太宰治著 尔  著 诺奖诺贝尔文学奖作品经典图书籍 外国 全新正版,放心购,￥59.80
百年孤独+人间失格+月亮与六便士+我是猫 共4册 马尔克斯太宰治毛姆夏目漱石畅销外国文学经,券800-40,￥69.23
现货 百年孤独正版中文版珍藏版书精装版我是猫 夏目漱石正版书人间失格太宰治 原版无删减 全3册,免邮,￥66.00
【现货速发】百年孤独正版 精装中文版文学书诺贝尔文学奖霍乱时期的爱情黄锦炎世界名著书书店官网,券800-40,￥42.35
精装版人间失格日本太宰治著正版全集日文原版无删减珍藏含斜阳维荣之妻文学当代经典小说排行榜百年孤独书籍,放心购,￥15.00
霍乱时期的爱情+百年孤独 诺贝尔文学奖得主共2册 马尔克斯 经典作品套装 减 中国友谊图书,券800-40,￥96.70
（全新正版）百年孤独 文学大师加西亚马尔克斯 世界名著外国文学 霍乱时期的爱情,放心购,￥62.70
正版 百年孤独+新版霍乱时期的爱情+魔法活船4册50周年纪念版诺贝尔文学奖得主加西亚马尔克斯外国文学,券800-40,￥89.16
【正版经典3本】人间失格+百年孤独+许三观卖血记 全3册 太宰治马尔克斯余华著文学经典小说图书籍书失,券800-40,￥68.74
限量赠人间失格百年孤独中文书精装珍藏版马尔克斯世界名著文学外国小说 霍乱时期爱情 拉美魔幻现实主义,券800-40,￥50.00
光明世纪(马尔克斯读完此书，重写《百年孤独 人民文学出版社 9787020165483 [古]阿莱霍,放心购,￥69.40
百年孤独+菊与刀+一九八四+月亮和六便士+人间失格+罗生门 全六册精装榜小说 世界名著阅读书籍,放心购,￥118.00
马尔克斯经典作品 套装 百年孤独 霍乱时期的爱情 诺贝尔文学奖获得者 文学名著 学生课外读物 外国经,券800-40,￥75.50
百年孤独 霍乱时期的爱情 浮生六记 人间失格 50周年纪念版世界文坛巨匠作品精选（精装珍藏版全4册）,免邮,￥146.00
百年孤独 精装 诺贝尔文学奖获得者加西亚马尔克斯代表作 世界名著文学图书籍外国文学文艺小说魔幻现实主,券800-40,￥50.00
百年孤独+追风筝的人（套装共2册）,券800-40,￥91.00
百年孤独中文书减精装珍藏版马尔克斯世界名著文学外国小说 霍乱时期爱情 拉美魔幻现实主义,券800-40,￥52.00
正版全新 马尔克斯：百年孤独（50周年纪念版） 族长的秋天,券800-40,￥35.00
正版全新 马尔克斯：百年孤独（50周年纪念版） 蓝狗的眼睛,券800-40,￥21.60
正版全新 马尔克斯：百年孤独（50周年纪念版） 苦妓回忆录,券800-40,￥20.80
正版 百年孤独精装 诺贝尔文学奖获得者加西亚马尔克斯代表作 世界名著文学图书籍外国文学文艺小说魔,免邮,￥39.60
【正版书籍】【送透明书签X4】百年孤独 插图纪念版 马尔克斯原版复刻收藏版 霍乱时期的爱情作者,券800-40,￥115.20
加西亚马尔克斯全集全套10册(精装) 马尔克斯作品全集 马尔克斯：百年孤独 马尔克斯：霍乱时期的爱情,免邮,￥320.00
【正版】百年孤独+人间失格 太宰治 马尔克斯原著原版中文版 世界名著外国小说书籍畅销书排行榜,券800-40,￥53.00
比利时的哀愁 比利时作家 雨果克劳斯一生之作战后欧洲zui伟大的小说之一欧洲大陆的《百年孤独》,券800-40,￥130.56
【直发 送透明书签X4】百年孤独（插图纪念版）加西亚马尔克斯原版复刻收藏版,券800-40,￥164.00
精装版人间失格日本太宰治著全集日文原版无删减珍藏含斜阳维荣之妻文学当代经典小说排行榜百年孤独我是猫书,券20-2,￥30.75
百年孤独马尔克斯书中文版原版珍藏版精装拉美人民魔幻现实主义长篇小说世界名著新经典书籍上海译文南海出版,券800-40,￥48.70
旗舰店 百年孤独 霍乱时期的爱情 诺贝尔文学奖马尔克斯代表作 流金岁月 朱锁锁 世界名著外国文学,券800-40,￥45.20
马尔克斯作品（套装10册）百年孤独 霍乱时期的爱情 迷宫中的将军 族长的秋天 枯枝败叶等,券800-40,￥280.00
百年孤独书原版 诺贝尔文学奖加西亚马尔克斯代表作世界名著读物范晔翻译中文版文学小说书百年孤独中文版精,券800-40,￥40.00
百年孤独正版  (哥伦)马尔克斯 中文版 书 外国小说 五十年纪念版心愿单,券800-40,￥49.00
【新华正版 图书速发】光明世纪（马尔克斯读完此书，重写《百年孤独》。拉丁美洲文学巨擘卡彭铁尔，气势恢,京东物流,￥51.30
精装版人间失格日本太宰治著正版全集日文原版无删减含斜阳维荣之妻文学当代经典小说排行榜百年孤独书籍,券800-40,￥17.70
百年孤独珍藏版中文正版马尔克斯作品诺贝尔文学奖霍乱时期的爱情外国经典文学世界名著书籍书排行榜外国,券800-40,￥49.50
三只忧伤的老虎 吉列尔莫・卡夫雷拉・因凡特 范晔译拉丁美洲的尤利西斯哈瓦那夜店版追忆逝水年华百年孤独,券800-40,￥66.30
正版全新 马尔克斯：百年孤独（50周年纪念版） 迷宫中的将军,券800-40,￥23.40
正版全新 马尔克斯：百年孤独（50周年纪念版） 回到种子里去,券800-40,￥40.30
正版全新 马尔克斯：百年孤独（50周年纪念版） 活着为了讲述,券800-40,￥32.60
马尔克斯全集22册 枯枝败叶+百年孤独+霍乱时期的爱情+恶时辰+蓝狗的眼睛等外国小说书籍,放心购,￥648.00
马尔克斯:百年孤独+霍乱时期的爱情+追风筝的人 全3册诺贝尔文学奖马尔克斯霍乱时期的爱情世界名著外国,免邮,￥108.00
正版 西亚马尔克斯全集全套19册 马尔克斯 百年孤独霍乱时期的爱情枯枝败叶恶时辰族长的秋天苦妓回忆录,免邮,￥816.00
（全新正版）百年孤独 文学大师加西亚马尔克斯 世界名著外国文学 百年孤独+追风筝的人,放心购,￥91.30
（全新正版）活着+百年孤独 全2册套装  现当代文学小说文学散文随笔 外国小说 正版图书,放心购,￥147.40
马尔克斯 百年孤独 人间失格 太宰治 减 诺奖诺贝尔文学奖作品 外国文学小说书 世界名著读物 诺贝,券800-40,￥53.63
百年孤独正版 50周年纪念版 中文原版翻译无删节马尔克斯代表作诺贝尔文学奖外国经典文学小说书籍畅,放心购,￥45.00
【官方正版 图书速发】光明世纪（马尔克斯读完此书，重写《百年孤独》。拉丁美洲文学巨擘卡彭铁尔，气势恢,京东物流,￥51.30
霍乱时期的爱情  精装 百年孤独作者诺贝尔文学奖得主 百年孤独作者马尔克斯著 世界名著外国经典文学,放心购,￥38.00
【全套5册】百年孤独+月亮与六便士+我是猫+人间失格+罗生门 原著正版无删减 经典外国文学小说世界名,券800-40,￥90.00
精装正版】10册 百年孤独+霍乱时期的爱情+人间失格+月亮与六便士+乌合之众自卑与局外人 经典文学外,券800-40,￥286.00
【正版书籍】苦妓回忆录 2018典藏版加西亚马尔克斯 诺贝尔文学获得者百年孤独作家马尔克斯小说现当代,券800-40,￥24.50
现货【正版经典3本】人间失格+百年孤独+活着全3册太宰治马尔克斯余华著文学经典小说图书籍书排行榜,券800-40,￥91.44
百年孤独 中文正版书无删减精装珍藏版马尔克斯世界名著文学外国小说 霍乱时期爱情拉美魔幻现实主义,券800-40,￥47.52
加西亚・马尔克斯代表作：百年孤独（50周年纪念版）正式中文版未作任何删节 家族七代人的传奇故事小说,放心购,￥44.00
（全新正版）百年孤独 文学大师加西亚马尔克斯 世界名著外国文学 百年孤独【赠明信片】,放心购,￥62.70
百年孤独 诺贝尔文学奖得主马尔克斯代表作 精装典藏 世界名著 外国文学 霍乱时期爱情 中文授权 减,券800-40,￥51.50
百年孤独+人间失格 共2册 太宰治马尔克斯原著 诺贝尔文学奖作品 初高中生课外阅读文学小说世界名著外,券800-40,￥51.60
【官方正版图书】 光明世纪（马尔克斯读完此书，重写《百年孤独》。拉丁美洲文学巨擘卡彭铁尔，气势恢宏的新巴洛克巨制。）,京东物流,￥51.30
正版全新 马尔克斯：百年孤独（50周年纪念版） 世上美的溺水者,券800-40,￥20.80
正版全新 马尔克斯：百年孤独（50周年纪念版） 爱情和其他魔鬼,券800-40,￥20.80
正版全新 马尔克斯：百年孤独（50周年纪念版） 礼拜二午睡时刻,券800-40,￥17.50
正版 马尔克斯 百年孤独 人间失格 太宰治 无删减 诺奖诺贝尔文学奖作品 外国文学小说畅销书 世界名,放心购,￥50.00
百年孤独正版中文版珍藏版范晔译精装原版加西亚马尔克斯诺贝尔文学奖外国经典文学小说书籍书排行,券800-40,￥45.00
包邮 百年孤独 加西亚-马尔克斯 缔造文坛传奇奇迹经典名篇诺贝尔文学奖 世界名著 外国文学,免邮,￥41.30
追风筝的人+霍乱时期的爱情+百年孤独+月亮与六便士 全四本 诺贝尔文学奖得主作马尔克斯毛姆等著 英国,券800-40,￥162.12
马尔克斯：百年孤独（50周年纪念版）,免邮,￥46.50
【赠明信片】鲁尔福三部曲 燃烧的原野+佩德罗.巴拉莫+金鸡 魔幻现实主义小说流派 百年孤独马尔克斯开,券800-40,￥134.16
百年孤独 中文版 加西亚・马尔克斯著 范晔译 诺贝尔文学奖获得者作品 50周年插图纪念版 南海人民文,券800-40,￥50.00
百年孤独(精)  加西亚马尔克斯代表作诺贝尔文学得主中文版授权减霍乱时期的爱情作者外国文学小说书籍,券800-40,￥49.50
【正版经典3本】人间失格+百年孤独+活着 全3册 太宰治马尔克斯余华著文学经典小说图书籍畅销书排行榜,券800-40,￥72.00
百年孤独+人间失格,京东物流,￥88.00
高中书目5册全本完整版无删减百年孤独+大卫科波菲尔+复活列夫托尔斯泰+老人与海课外阅读书籍名著,免邮,￥88.00
（全新正版）百年孤独 文学大师加西亚马尔克斯 世界名著外国文学 百年孤独+霍乱时期的爱情,放心购,￥122.10
加西亚・马尔克斯全集22册 百年孤独/霍乱时期的爱情/蓝狗的眼睛/活着为了讲述/恶时辰/族长的秋天,免邮,￥625.00
【网 正版】百年孤独+霍乱时期的爱情 精装全2册 马尔克斯经典文学著作 世界名著经典文学小说,免邮,￥145.00
送透明书签X4旗舰店 百年孤独（插图纪念版）加西亚马尔克斯原版复刻收藏版 马孔多霍乱时期的爱情魔幻现,券800-40,￥128.00
百年孤独 精装 珍藏版纪念版中文版原版 范晔翻译 加西亚马尔克斯 外国经典文学小说书排行,券800-40,￥49.50
【买1赠4】百年孤独插图纪念版 2020年新版 加西亚・马尔克斯 新书,券800-40,￥128.70
百年孤独50周年纪念版 加西亚・马尔克斯 加西亚马尔克斯经典名篇诺贝尔文学奖 外国经典文学小说世界名,券800-40,￥51.50
加西亚・马尔克斯全集【19册】/百年孤独/霍乱时期的爱情/蓝狗的眼睛/活着为了讲述 等外国小说,放心购,￥580.00
马尔克斯小说 20册  百年孤独/霍乱时期的爱情/迷宫中的将军 /族长的秋天/一个海难幸存者的故事,放心购,￥630.00
百年孤独 书中文版 诺贝尔文学奖获得者马尔克斯代表作 精装珍藏版世界名著读物外国现当代文学小说书,券800-40,￥50.00
马尔克斯全集【21册】百年孤独/霍乱时期的爱情/蓝狗的眼睛 加西亚・马尔克斯全集 马尔克斯全集,放心购,￥660.00
百年孤独+霍乱时期的爱情 精装+追风筝的人 (共3册) 外国经典文学小说 诺贝尔文学奖作者,免邮,￥105.00
加西亚・马尔克斯作品【2册套装】霍乱时期的爱情+百年孤独 中文珍藏版 新经典诺贝尔文学奖获得者,放心购,￥63.00
百年孤独正版 马尔克斯代表作 诺贝尔文学奖世界名著读物霍乱时期的爱情范晔翻译中文精装版 文学小说畅销,券800-40,￥49.00
50周年纪念版百年孤独中文翻译版 诺贝尔文学奖获得者马尔克斯代表作 精装珍藏版世界名著读物外国现当代,券800-40,￥51.50
你当像鸟飞往你的山+人间失格+人生海海+百年孤独 马尔克斯,自营,￥155.80
限量赠送人间失格百年孤独中文书减精装珍藏版马尔克斯世界名著文学外国小说 霍乱时期爱情 拉美魔幻现实主,券800-40,￥49.50
百年孤独中文版精装珍藏版诺贝尔文学奖获得者加西亚马尔克斯代表作世界名著文学外国文学文艺小说图书籍,券800-40,￥51.50
作家经典文库 精装版人间失格日本太宰治著全集无删减珍藏含斜阳维荣之妻文学当代经典小说排行榜百年孤独我,券800-40,￥38.64
百年孤独 中文版 加西亚・马尔克斯著 范晔译 诺贝尔文学奖获得者作品 50周年插图纪念版 南海出版社,券800-40,￥49.50
正版全新 马尔克斯：百年孤独（50周年纪念版） 马尔克斯经典套装6册,券800-40,￥160.80
现货【经典】人间失格+百年孤独+活着全册太宰治马尔克斯余华著文学经典小说籍畅销书排行榜失格人间中英文,券800-40,￥72.00
正版全18册 百年孤独+霍乱时期的爱情+人间失格+罗生门+月亮与六便士+瓦尔登湖 外国文学小说世界名,免邮,￥287.00
百年孤独马尔克斯书中文版原版珍藏版精装拉美人民魔幻现实主义长篇小说世界名著新经典书籍上海译文南海出版,券800-40,￥49.50
正版全新 马尔克斯：百年孤独（50周年纪念版） 百年孤独(插图纪念版),券800-40,￥88.50
【全套5册】百年孤独+月亮与六便士+我是猫+人间失格+罗生门  原著正版无删减精装版 经典外国文学小,免邮,￥113.00
百年孤独正版书中文版名著读物外国现当代文学小说畅销书籍排行榜 【新华正版】百年孤独,免邮,￥70.00
百年孤独 马尔克斯+了不起的盖茨比+罗生门+人间失格+瓦尔登湖+月亮和六便士+我是猫（共7册）,京东物流,￥73.00
正版全新 马尔克斯：百年孤独（50周年纪念版） 一个海难幸存者的故事,券800-40,￥21.60
正版全新 马尔克斯：百年孤独（50周年纪念版） 一桩事先张扬的凶杀案,券800-40,￥23.40
正版全新 马尔克斯：百年孤独（50周年纪念版） 马尔克斯中篇小说全集,券800-40,￥91.70
正版全新 马尔克斯：百年孤独（50周年纪念版） 马尔克斯长篇小说全集,券800-40,￥158.50
正版全新 马尔克斯：百年孤独（50周年纪念版） 没有人给他写信的上校,券800-40,￥20.80
百年孤独正版马尔克斯代表作诺贝尔文学奖世界名著读物霍乱时期的爱情范晔翻译人生必读畅销书中文精装版文学,券800-40,￥51.00
正版全新 马尔克斯：百年孤独（50周年纪念版） 百年孤独(50周年纪念版),券800-40,￥30.70
正版 霍乱时期的爱情(精)+百年孤独全套共2册马尔克斯 诺贝尔文学奖 外国经典文学小说中文版授权无删,免邮,￥105.00
百年孤独+人间失格,京东物流,￥52.00
百年孤独  中文珍藏原版译本无删减加西亚马尔克斯代表作诺贝尔文学奖外国小说世界名著书籍畅销正版,免邮,￥65.00
精装典藏版霍乱时期的爱情 诺贝尔文学奖得主马尔克斯著百年孤独枯枝败叶族长的秋天世界名著外国现当代经典,券800-40,￥62.00
百年孤独正版 精装 珍藏版纪念版中文版原版 范晔翻译 加西亚马尔克斯 外国经典文学小说书 初中高中生,券800-40,￥39.90
光明世纪（马尔克斯读完此书，重写《百年孤独》。拉丁美洲文学巨擘卡彭铁尔，气势恢宏的新,京东物流,￥95.00
鲁尔福三部曲 燃烧的原野+佩德罗.巴拉莫+金鸡 鲁尔福魔幻现实主义小说流派开山鼻祖 百年孤独马尔克斯,免邮,￥113.00
加西亚・马尔克斯全集22册：百年孤独+霍乱时期的爱情+蓝狗的眼睛+活着为了讲述等外国长篇外国小说中文,放心购,￥685.00
百年孤独 诺贝尔文学奖获得者马尔克斯代表作  范晔翻译中文版 中文授权无删减 世界名著外国文学小说,券800-40,￥88.00
百年孤独(精) 加西亚马尔克斯代表作诺贝尔文学奖得主中文版授权霍乱时期的爱情作者外国文学小说新华书,券800-40,￥49.50
加西亚马尔克斯全集全套19册百年孤独+霍乱时期的爱情+活着为了讲述+苦妓回忆录+蓝狗的眼睛马尔克斯的,放心购,￥568.00
正版全新 马尔克斯：百年孤独（50周年纪念版） 米格尔在智利的地下行动,券800-40,￥30.20
加西亚・马尔克斯全集22册 百年孤独/霍乱时期的爱情/蓝狗的眼睛/活着为了讲述/恶时辰/族长的秋天,免邮,￥728.00
【赠 百年孤独纪念卡】百年孤独 加西亚・马尔克斯 诺贝尔文学奖代表作 霍乱时期的爱情 流金岁月朱锁锁,免邮,￥65.00
百年孤独马尔克斯书中文版原版珍藏版精装拉美人民魔幻现实主义长篇小说世界名著新经典书籍上海译文南海非英,券800-40,￥50.00
【正版】百年孤独+活着+人间失格 共3册 加西亚马尔克斯余华太宰治著精装完整无删减版诺贝尔文学奖外国,免邮,￥96.00
正版全新 马尔克斯：百年孤独（50周年纪念版） 百年孤独 霍乱时期的爱情,券800-40,￥69.10
正版全新 马尔克斯：百年孤独（50周年纪念版） 活着+百年孤独(精装共2册),券800-40,￥55.80
人间失格+百年孤独全2册套装 太宰治加西亚马尔克斯著 原著原版中文版无删减 世界名著外国小说书籍畅销,免邮,￥68.00
【新华书店】百年孤独（50周年纪念版）加西亚・ 尔  南海出版公司9787544291170 书籍 全新正版,券800-40,￥48.90
【正版】百年孤独+活着+人间失格 共3册 加西亚马尔克斯余华太宰治著完整版诺贝尔文学奖外国当代文学长,免邮,￥96.00
全套3册大卫科波菲尔+复活书列夫托尔斯泰+ 百年孤独全集完整版 高中课外阅读书籍阅读名著高一高二高三,免邮,￥82.00
全套5册大卫科波菲尔+复活书列夫托尔斯泰+老人与海+百年孤独全集完整版 高中课外阅读书籍必读名著推荐,免邮,￥106.00
全套正版5册大卫科波菲尔+复活+老人与海+百年孤独全集完整版 正版书籍高中课外阅读书籍高二名著书目课,免邮,￥123.00
限量赠人间失格百年孤独中文书精装珍藏版马尔克斯世界名著文学外国小说 霍乱时期爱情 拉美魔幻现实主义,券800-40,￥49.50
追风筝的人+霍乱时期的爱情+百年孤独+月亮与六便士 全四本 诺贝尔文学奖得主作马尔克斯毛姆等著 英国,免邮,￥202.00
加西亚马尔克斯全集全套10册 马尔克斯 百年孤独霍乱时期的爱情枯枝败叶恶时辰族长的秋天苦妓回忆录马尔,券800-40,￥342.00
百年孤独+追风筝的人全套2册 正版现货 马尔克斯胡塞尼经典文学读物畅销组合外国文学小说读本世界名著经,免邮,￥109.00
现货【正版经典3本】人间失格+百年孤独+活着全3册太宰治马尔克斯余华著文学经典小说图书籍畅销书排行榜,免邮,￥98.00
【套装2册】百年孤独+追风筝的人 马尔克斯 胡塞尼原版无删 诺贝尔文学奖世界名著现代文学外国随笔小说,券800-40,￥105.00
正版百年孤独+复活+大卫科波菲尔老人与海书高中生必读书籍全套4册正版 百年孤独+复活【2册】,京东物流,￥48.00
百年孤独正版中文版无删减精装珍藏版译本范晔翻译 加西亚马尔克斯 百年孤独原版书 外国经典文学小说 初,免邮,￥65.00
全2册套装百年孤独精装版+月亮与六便士  名著书籍经典现当代文学正版外国小说中文版图书籍,放心购,￥43.80
B【正版】百年孤独 (哥伦)加西亚・马尔克斯(Gabriel Carcia Marquez) 著;范,放心购,￥42.77
三只忧伤的老虎 吉列尔莫・卡夫雷拉・因凡特 范晔译拉丁美洲的尤利西斯哈瓦那夜店版追忆逝水年华百年孤独,免邮,￥55.00
百年孤独书原著 诺贝尔文学奖加西亚.马尔克斯代表作世界名著读物范晔翻译文学小说书霍乱时期的爱情中文版,券800-40,￥49.50
共2册】你当像鸟飞往你的山+百年孤独正版原版无删减比尔盖茨 加西亚马尔克斯代表作诺贝尔文学奖外国小说,免邮,￥109.00
你当像鸟飞往你的山+百年孤独 共2册精装中文原版无删减比尔盖茨年度图书加西亚马尔克斯代表作诺贝尔文学,免邮,￥111.00
马尔克斯经典作品 套装 百年孤独 霍乱时期的爱情 诺贝尔文学奖获得者 文学名著 学生课外读物 外国经,免邮,￥99.20
霍乱时期的爱情+百年孤独 全套2册 精装正版现货 加西亚马尔克斯诺贝尔文学奖得主 新华书店书籍,放心购,￥89.20
全套4册正版百年孤独+复活+大卫科波菲尔老人与海书高中生必读书籍全套4册正版 百年孤独+大卫+复活(全3册),京东物流,￥58.00
百年孤独正版书原著 诺贝尔文学奖加西亚.马尔克斯代表作世界名著读物范晔翻译文学小说畅销书霍乱时期的爱,免邮,￥65.00
【新经典 正版书籍】霍乱时期的爱情 精装新版 诺贝尔文学奖得主 百年孤独加西亚马尔克斯 世界名著外国,券800-40,￥62.10
【限量赠送人间失格】百年孤独中文正版书无删减精装珍藏版马尔克斯世界名著文学外国小说 霍乱时期爱情 拉,免邮,￥65.00
正版现货速发百年孤独精装中文原版诺贝尔文学奖加西亚马尔克斯50周年纪念版无删减霍乱时期的爱情外国经典,免邮,￥65.00
【附赠书签4张】百年孤独正版 插图纪念版精装珍藏中文版加西亚马尔克斯代表作诺贝尔文学奖获得者外国文学,免邮,￥204.00
光明世纪（马尔克斯读完此书，重写《百年孤独》。拉丁美洲文学巨擘卡彭铁尔，气势恢宏的新,京东物流,￥95.00
4册百年孤独+活着+追风筝的人+霍乱时期的爱情 胡塞尼 马尔克斯 情感读物 外国小说世界名著文学小说,券800-40,￥161.00
百年孤独 英文原版小说 One Hundred Years of Solitude 英文版 马尔克斯,券99-10,￥54.50
正版全18册 百年孤独+霍乱时期的爱情+人间失格+罗生门+月亮与六便士+瓦尔登湖 外国小说,券800-40,￥218.00
百年孤独人间失格全2本无删减太宰治原著马尔克斯诺贝尔文学奖作品经典外国文学小说日本畅销图书籍名著失格,免邮,￥68.00
【附赠人间失格】百年孤独正版 精装中文原版诺贝尔文学奖加西亚马尔克斯无删减非英文珍藏版霍乱时期爱情外,免邮,￥65.00
正版 马尔克斯：一桩事先张扬的凶杀案（2018典藏版） 活着+百年孤独(精装共2册),券800-40,￥66.30
正版全新 马尔克斯：百年孤独（50周年纪念版）+人间失格+不能承受的生命之轻,券800-40,￥70.90
全3册 百年孤独正版中文版珍藏版书精装版我是猫 夏目漱石正版书人间失格太宰治 原版无删减 世界文学,放心购,￥68.00
百年孤独正版中文版精装珍藏版诺贝尔文学奖获得者加西亚马尔克斯代表作世界名著文学外国文学畅销文艺小说图,免邮,￥65.00
精装版人间失格日本太宰治著正版全集日文原版无删减珍藏含斜阳维荣之妻文学当代经典小说排行榜百年孤独我是,免邮,￥26.00
正版全新 马尔克斯：百年孤独（50周年纪念版） 《百年孤独》一千万册纪念套装,券800-40,￥122.20
百年孤独中文版加西亚・马尔克斯著范晔译诺贝尔文学奖获得者作品50周年插图纪念版南海出版,券800-40,￥50.00
正版全新 马尔克斯：没有人给他写信的上校（2018典藏版） 百年孤独(插图纪念版),券800-40,￥91.00
霍乱时期的爱情 300万册纪念版 精装 百年孤独作者加西亚马尔克斯外国现当代文学世界名著爱情小说,放心购,￥46.92
正版 百年孤独 精装珍藏版 中文马尔克斯诺贝尔文学奖获得者代表作 中英文原版现实主义文坛传奇经典世界 图片色,券800-40,￥45.80
全3册 百年孤独正版中文版珍藏版书精装版我是猫 夏目漱石正版书人间失格太宰治 原版无删减,免邮,￥69.00
正版全新 马尔克斯：没有人给他写信的上校（2018典藏版） 百年孤独(50周年纪念版),券800-40,￥31.30
百年孤独(精),券800-40,￥41.85
现货【正版经典3本】人间失格+百年孤独+活着全3册太宰治马尔克斯余华著文学经典小说图书籍畅销书排行榜,券800-40,￥79.00
二十一世纪伟大的小说《百年孤独》的惊世之作：2666（精装） (智)罗贝托・波拉尼奥,券800-40,￥85.76
余华作品 活着+百年孤独正版精装版 全2册套装 名著书籍书排行榜经典现当代文学正版小说 新华书店,券20-2,￥114.20
百年孤独 【抽赠4张明信片】 文学大师加西亚马尔克斯哥伦比亚作家代表世界名著外国文学书新华书,券20-2,￥79.20
【直发】加西亚马尔克斯全集全套共20册 诺贝尔文学奖得主加西亚马尔克斯百年孤独霍乱时期的爱情 外国文,券800-40,￥699.00
鲁尔福三部曲 燃烧的原野+佩德罗.巴拉莫+金鸡 鲁尔福魔幻现实主义小说流派鼻祖 百年孤独马尔克斯,券20-2,￥139.00
正版 百年孤独+霍乱时期的爱情 精装全2册诺贝尔文学奖得主马尔克斯外国经典文学小说书籍书排行榜,券20-2,￥178.40
百年孤独 马尔克斯+了不起的盖茨比+罗生门+人间失格+瓦尔登湖+月亮和六便士+我是猫（共7册）以所选,京东物流,￥73.00
正版全新 马尔克斯：没有人给他写信的上校（2018典藏版） 百年孤独 霍乱时期的爱情,券800-40,￥72.60
正版全新 坠物之声（比《百年孤独》更现实，比《毒枭》更真实） 灿烂千阳(2021版),券800-40,￥38.70
光明世纪(马尔克斯读完此书，重写《百年孤独 zb 湖北新华书店正版 人民文学出版社,券800-40,￥73.15
亲现货【正版经典3本】人间失格+百年孤独+活着全3册太宰治马尔克斯余华著文学经典小说图书籍书排行,券800-40,￥73.55
【新华正版图书】光明世纪（马尔克斯读完此书，重写《百年孤独》。拉丁美洲文学巨擘卡彭铁尔，气势恢宏的新巴洛克巨制。）,京东物流,￥51.30
正版 马尔克斯：一桩事先张扬的凶杀案（2018典藏版） 《百年孤独》一千万册纪念套装,券800-40,￥168.90
正版全新 马尔克斯：没有人给他写信的上校（2018典藏版） 百年孤独 霍乱时期的爱情,券800-40,￥70.50
正版全新 马尔克斯：没有人给他写信的上校（2018典藏版） 活着+百年孤独(精装共2册),券800-40,￥55.80
百年孤独正版+追风筝的人 马尔克斯 胡塞尼中英文原版无删 诺贝尔文学奖世界名著现当代文学外国小说,券20-2,￥100.00
【正版】百年孤独+人间失格全2册 原著原版无删减中文译本 太宰治马尔克斯外国经典文学世界名著小说,券20-2,￥81.60
正版全新 坠物之声（比《百年孤独》更现实，比《毒枭》更真实） 追风筝的人(2021版),券800-40,￥35.50
无货包邮 百年孤独+霍乱时期的爱情（精装）加西亚・马尔克斯 诺贝尔文学奖作者 世界名著外国经典文学小,放心购,￥80.60
【正版】百年孤独+人间失格+月亮与六便士+我是猫+罗生门 全套5册 马尔克斯外国经典文学小说世界名著,券20-2,￥139.20
百年孤独 精装 50周年纪念版中文版 原版翻译 加西亚马尔克斯代表作外国经典文学小说书籍书高中生高中,券800-40,￥49.50
霍乱时期的爱情 百年孤独  共2册马尔克斯 诺贝尔文学奖 外国经典文学小说书籍 书排行榜,京东物流,￥89.20
百年孤独 诺贝尔文学奖获得者马代表作 亚诺尔克斯 世界名著 书籍文艺小说 读物 丛书 图书,券20-2,￥79.20
直发 百年孤独 诺贝尔文学得主马尔克斯代表作 精装典藏 世界名著 外国文学 中文,放心购,￥51.50
【正版】百年孤独+活着+人间失格 共3册 加西亚马尔克斯余华太宰治著完整版诺贝尔文学奖外国当代文学长,券20-2,￥119.60
正版 精装全套2册 百年孤独人间失格 太宰治 马尔克斯原著原版中文版无删减 外国小说书籍书排行榜,券800-40,￥67.00
百年孤独中文版珍藏版书精装版我是猫 夏目漱石书人间失格太宰治 原版无删减 全3册百年孤独,券20-2,￥99.60
马尔克斯:百年孤独+霍乱时期的爱情+追风筝的人 全3册诺贝尔文学奖马尔克斯霍乱时期的爱情世界名著,免邮,￥86.80
全2册正版 百年孤独 瓦尔登湖原版原著书籍中文版诺贝尔文学奖 马尔克斯世界名著读物 畅销文艺小说,券800-40,￥49.00
正版2册 人间失格+百年孤独 全集精装珍藏日文原版无删减日本太宰治马尔克斯外国文学经典小说世界名著书,券20-2,￥119.60
枯枝败叶 马尔克斯著 精装典藏版 百年孤独序篇 经典外国小说现当代文学新华书店图书籍排行榜,放心购,￥26.86
正版 百年孤独 精装珍藏版 中文马尔克斯诺贝尔文学奖获得者代表作 中英文原版现实主义文坛传奇经典世界,券20-2,￥91.60
【限量赠送人间失格】百年孤独中文正版书无删减精装珍藏版马尔克斯世界名著文学外国小说 霍乱时期爱情,券20-2,￥79.20
百年孤独+人间失格全2本无删减 太宰治著马尔克斯著 诺奖诺贝尔文学奖作品经典图书籍 外国文,放心购,￥45.43
霍乱时期的爱情+百年孤独 诺贝尔文学奖得主共2册 马尔克斯 经典作品套装 中国友谊图书,券800-40,￥109.00
正版全新 坠物之声（比《百年孤独》更现实，比《毒枭》更真实） 追风筝的人系列(共4册),券800-40,￥154.10
正版全新 马尔克斯：没有人给他写信的上校（2018典藏版） 《百年孤独》一千万册纪念套装,券800-40,￥122.20
百年孤独 【赠人间失格】马尔克斯著 诺贝尔文学奖获得者代表作 外国小说世界名著读物文艺小说图书  5,券800-40,￥49.00
百年孤独+菊与刀+一九八四+月亮与六便士+人间失格+罗生门 全六册 畅销榜小说 世界名著阅读书籍,放心购,￥99.00
百年孤独50周年纪念版+霍乱时期的爱情2020版 精装全2册 诺奖得主马尔克斯经典文学著作 世界名著,券20-2,￥144.00
正版全新 坠物之声（比《百年孤独》更现实，比《毒枭》更真实） 追风筝的人(中英双语版),券800-40,￥70.30
正版全新 坠物之声（比《百年孤独》更现实，比《毒枭》更真实） 追风筝的人(精装纪念版),券800-40,￥54.50
百年孤独 中文版 加西亚・马尔克斯著 范晔译 诺贝尔文学奖获得者作品 50周年插图纪念,券800-40,￥51.00
正版百年孤独+追风筝的人 马尔克斯 胡塞尼经典文学读物课外文学小说阅读本世界名著心灵成长书籍排行榜,免邮,￥58.80
百年孤独书原著诺贝尔文学奖加西亚马尔克斯代表作世界名著读物范晔翻译文学小说书霍乱时期的爱情中文版精装,券800-40,￥50.00
【新华书店】百年孤独 人间失格全2本无删减 太宰治著 尔  著 诺奖诺贝尔文学奖作品经典图书籍 外国 全新正版,券800-40,￥64.00
百年孤独 马尔克斯+了不起的盖茨比+罗生门+人间失格+瓦尔登湖+月亮和六便士+我是猫（共7册）正版,京东物流,￥138.40
【正版现货】族长的秋天 书口喷绘图案 一个人的”百年孤独“ 诺贝尔文学奖得主加西亚・马尔克斯的文学大冒险 新经典 畅销图书籍,券800-40,￥40.70
百年孤独 中文版 加西亚・马尔克斯著 范晔译 诺贝尔文学奖获得者作品 50周年插图纪念版 南海出版社,券20-2,￥79.20
[现货包邮】全套5册复活+百年孤独+老人与海+大卫科波菲尔正版完整版无删减 高中生课外书阅读书籍 老人与海,免邮,￥10.80
世界名著两本套】百年孤独+瓦尔登湖原版中文版正版 诺贝尔文学奖马尔克斯世界名著读物文艺外国小说丛书图,券800-40,￥62.00
百年孤独+菊与刀+一九八四+月亮和六便士+人间失格+罗生门 全六册精装榜小说 世界名著阅读书籍,免邮,￥108.00
正版全新 坠物之声（比《百年孤独》更现实，比《毒枭》更真实） 成长三部曲(精装纪念版共3册),券800-40,￥163.50
 全5册 百年孤独+月亮与六便士+我是猫+人间失格+罗生门 马尔克斯外国文学小说世界名著书籍书籍,券800-40,￥59.80
百年孤独 马尔克斯+了不起的盖茨比+罗生门+人间失格+瓦尔登湖+月亮和六便士+我是猫（共7册）以所选,京东物流,￥73.00
百年孤独 霍乱时期的爱情 诺贝尔文学奖马尔克斯代表作 中文 流金岁月 朱锁锁 世界名著外国文学,券800-40,￥49.80
【套装2册】百年孤独+追风筝的人 马尔克斯 胡塞尼原版无删 诺贝尔文学奖世界名著现代文学外国随笔小说,券20-2,￥105.00
[]百年孤独 加西亚马尔克斯代表作 中文版授权 减 百年孤独 百年孤独魔幻现实主义外国文学小说,放心购,￥52.00
百年孤独 精装 50周年纪念版 诺贝尔文学奖获得者马尔克斯代表作 世界名著读物 文艺小说 书籍书,放心购,￥52.00
百年孤独 【抽赠4张明信片】 文学大师加西亚马尔克斯哥伦比亚作家代表世界名著外国文学书新华书店旗舰店,券20-2,￥79.20
光明世纪（马尔克斯读完此书，重写《百年孤独》。拉丁美洲文学巨擘卡彭铁尔，气势恢宏的新,京东物流,￥95.00
F 百年孤独 书 50周年纪念珍藏版精装中文原版翻译加西亚马尔克斯代表作书籍外国经典文学小说书籍书,券800-40,￥49.50
全3册 百年孤独正版中文版珍藏版书精装版我是猫 夏目漱石正版书人间失格太宰治 原版无删减书京东图书,免邮,￥49.80
百年孤独+人间失格+月亮与六便士+我是猫+罗生门 全套5册 马尔克斯外国经典文学小说世界名著书籍,放心购,￥73.00
马尔克斯 百年孤独 人间失格 太宰治 减 诺奖诺贝尔文学奖作品 外国文学小说书 世界名著读物 诺贝,放心购,￥54.00
百年孤独 书中文版 诺贝尔文学奖获得者马尔克斯代表作 精装珍藏版世界名著读物外国现当代文学小说书,券800-40,￥50.00
【经典3本】人间失格+百年孤独+活着全3册太宰治马尔克斯余华著文学经典小说图书籍书排行榜失格人间中英,免邮,￥72.00
百年孤独+人间失格 共2册 太宰治马尔克斯原著 诺贝尔文学奖作品 初高中生课外阅读文学小说世界名著外,券800-40,￥52.00
经典3本人间失格+百年孤独+活着全3册太宰治马尔克斯余华著文学经典小说图书籍书失格人间中英文原版译,券800-40,￥74.00
百年孤独中文版精装珍藏版诺贝尔文学奖获得者加西亚马尔克斯著 外国小说世界名著读物文学小说书,放心购,￥51.50
插图纪念版 附赠透明书签4张百年孤独 诺贝尔文学奖获得者马尔克斯代表作世界名著读物 范晔翻译中文版,券800-40,￥146.00
精装10册 百年孤独+霍乱时期的爱情+人间失格+月亮与六便士+乌合之众自卑与局外人 经典文学外国小说,放心购,￥287.00
精装世界名著大全6册 百年孤独+鼠疫+局外人+西西弗神话+德米安彷徨少年时+在轮下 诺贝尔文学奖代表作,免邮,￥128.00
全套5册大卫科波菲尔+复活书列夫托尔斯泰+老人与海+百年孤独全集完整版 高中课外阅读书籍名著,免邮,￥78.00
正版现货  光明世纪(马尔克斯读完此书，重写《百年孤独 [古]阿莱霍・卡彭铁尔（AlejoCarpe,券800-40,￥63.00
限量赠人间失格百年孤独中文书精装珍藏版马尔克斯世界名著文学外国小说 霍乱时期爱情 拉美魔幻现实主义,券800-40,￥51.00
百年孤独 精装50周年纪念版中文原版翻译加西亚马尔克斯代表作诺贝尔文学奖外国经典文学小说书籍南海出版,券800-40,￥44.00
[正版图书] 光明世纪(马尔克斯读完此书，重写《百年孤独 [古]阿莱霍・卡彭铁尔（AlejoCarp,券800-40,￥79.00
s 族长的秋天 惊艳双封设计 书口喷绘图案 一个人的”百年孤独“ 诺贝尔文学奖得主加西亚・马尔,放心购,￥40.70
[正版图书] 光明世纪(马尔克斯读完此书，重写《百年孤独 [古]阿莱霍・卡彭铁尔（AlejoCarp,券800-40,￥61.00
【足本无删减】 百年孤独+茶花女 全2册 马尔克斯著世界名著现代文学套装诺贝尔文学奖中文版 文学小说,券800-40,￥60.00
正版 百年孤独 精装珍藏版 中文马尔克斯诺贝尔文学奖获得者代表作 中英文原版现实主义文坛传奇经典世界,免邮,￥45.80
k正版 文学大师经典代表作：活着+百年孤独 精装共2册 小说 社会小说 文学读物 散文随笔书信 外国,放心购,￥68.00
英文原版 百年孤独 One Hundred Years of Solitude,券99-10,￥38.00
光明世纪（马尔克斯读完此书，重写《百年孤独》。拉丁美洲文学巨擘卡彭铁尔，气势恢宏的新巴洛克巨制。）,京东物流,￥51.30
精装典藏版霍乱时期的爱情 诺贝尔文学奖得主马尔克斯著百年孤独枯枝败叶族长的秋天世界名著外国现当代经典,券800-40,￥62.00
50周年纪念版百年孤独中文翻译版 诺贝尔文学奖获得者马尔克斯代表作 精装珍藏版世界名著读物外国现当代,放心购,￥51.50
百年孤独正版全10册 马尔克斯著 人间失格月亮与六便士我是猫罗生门瓦尔登湖了不起的盖茨比边国内外现当,券800-40,￥91.00
百年孤独马尔克斯书中文版原版珍藏版精装拉美人民魔幻现实主义长篇小说世界名著新经典书籍上海译文南海出版,券800-40,￥50.00
现货【正版经典3本】人间失格+百年孤独+活着全3册太宰治马尔克斯余华著文学经典小说图书籍畅销书排行榜,券800-40,￥72.00
【正版现货】百年孤独  原著原版无删减中文译本太宰治马尔克斯外国经典文学世界名著小说畅销书籍 诺贝尔,免邮,￥65.00
百年孤独 霍乱时期的爱情 浮生六记 人间失格 50周年纪念版世界文坛巨匠作品精选（精装珍藏版全4册）,免邮,￥108.00
【买1赠4】百年孤独插图纪念版 2020年新版 加西亚・马尔克斯 百年孤独无删减版+马尔克斯自传：活着为了讲述共2册,券800-40,￥73.84
百年孤独人间失格全2本无删减太宰治原著马尔克斯诺贝尔文学奖作品经典外国文学小说日本畅销图书籍名著失格,券800-40,￥49.00
百年孤独 马尔克斯+了不起的盖茨比+罗生门+人间失格+瓦尔登湖+月亮和六便士+我是猫（共7册）【以所,京东物流,￥73.00
正版 西亚马尔克斯全集全套19册 马尔克斯 百年孤独霍乱时期的爱情枯枝败叶恶时辰族长的秋天苦妓回忆录,免邮,￥798.00
正版图书 光明世纪(马尔克斯读完此书，重写《百年孤独 [古]阿莱霍・卡彭铁尔（AlejoCarpen,放心购,￥77.00
正版图书 光明世纪(马尔克斯读完此书，重写《百年孤独 [古]阿莱霍・卡彭铁尔（AlejoCarpen,放心购,￥115.00
百年孤独 诺贝尔文学奖获得者马尔克斯代表作 魔幻现实主义文学世界名著读物范晔翻译中文版,免邮,￥39.90
"拍拍	
【二手99新】百年孤独--重读西方经典文学名著",,￥11.76
百年孤独+霍乱时期的爱情 精装+追风筝的人 (共3册) 外国经典文学小说 诺贝尔文学奖作者,免邮,￥105.00
百年孤独 马尔克斯+了不起的盖茨比+罗生门+人间失格+瓦尔登湖+月亮和六便士+我是猫（共7册） 百年孤独 马尔克斯+,京东物流,￥67.70
【正版速发】B百年孤独1000册纪念套装（精美套盒典藏版，赠送3款马尔克斯金句胶带）,券800-40,￥107.00
百年孤独诺贝尔文学奖获得者马尔克斯代表作世界名著读物文艺小说丛书,券800-40,￥49.90
正版现货  光明世纪(马尔克斯读完此书，重写《百年孤独 [古]阿莱霍・卡彭铁尔（AlejoCarpe,券800-40,￥59.00
R 全套4册 百年孤独+大卫科波菲尔+复活+老人与海正版高中课外书高一阅读书籍书目名著老师正版语文高,券800-40,￥77.00
百年孤独（插图纪念版） 原版复刻・精美装帧・典藏必收 加西亚・马尔克斯 著，路易莎・里维拉 绘,券800-40,￥115.20
【正版速发】B 马尔克斯 百年孤独 人间失格 太宰治 无删减 诺奖诺贝尔文学奖作品 外国文学小说书,券800-40,￥45.43
n族长的秋天 惊艳双封设计 书口喷绘图案  一个人的”百年孤独“ 诺贝尔文学奖得主加西亚・马尔克斯的,券800-40,￥39.00
【送透明书签X4】百年孤独(插图纪念版)马尔克斯 外国小说 款式,券800-40,￥312.00
"拍拍	
【正版85成新】百年孤独【黄锦炎先生经典译作】`绝版 9787544218580 x0a",,￥88.00
百年孤独 插图纪念版 加西亚马尔克斯著 经典文学外国小说 款式,券800-40,￥80.00
天贼 沃辛传奇 共2册  外国科幻悬疑恐怖推理玄幻惊悚小说安德的游戏 人间失格 百年孤独A,放心购,￥45.80
【正版速发】B百年孤独 插图插画纪念版 加西亚马尔克斯复刻收藏马孔多霍乱时期的爱情魔幻现实主义,券800-40,￥124.00
